image_path,file_name,class_name,label,split
C:\Users\pedse\Desktop\DIPagrindai\lab3\images\scissors\m7ELYBy0O4wx0YqJ.png,m7ELYBy0O4wx0YqJ.png,scissors,2,train
C:\Users\pedse\Desktop\DIPagrindai\lab3\images\scissors\OA0s5AsfJEm96cxd.png,OA0s5AsfJEm96cxd.png,scissors,2,train
C:\Users\pedse\Desktop\DIPagrindai\lab3\images\paper\E10FR2TKbBsv9Hgm.png,E10FR2TKbBsv9Hgm.png,paper,0,train
C:\Users\pedse\Desktop\DIPagrindai\lab3\images\scissors\Y803FUXqbDOwGm0K.png,Y803FUXqbDOwGm0K.png,scissors,2,train
C:\Users\pedse\Desktop\DIPagrindai\lab3\images\paper\2PAcPusQ59xIMfiw.png,2PAcPusQ59xIMfiw.png,paper,0,train
C:\Users\pedse\Desktop\DIPagrindai\lab3\images\paper\JKN8VKp7pfMEQdBZ.png,JKN8VKp7pfMEQdBZ.png,paper,0,train
C:\Users\pedse\Desktop\DIPagrindai\lab3\images\paper\zBMp6VflTDyfCqa6.png,zBMp6VflTDyfCqa6.png,paper,0,train
C:\Users\pedse\Desktop\DIPagrindai\lab3\images\paper\5eRezaxzYX8Canq0.png,5eRezaxzYX8Canq0.png,paper,0,train
C:\Users\pedse\Desktop\DIPagrindai\lab3\images\rock\FopS2RV432i19UVz.png,FopS2RV432i19UVz.png,rock,1,train
C:\Users\pedse\Desktop\DIPagrindai\lab3\images\rock\koWcxNMbMRN8TxnP.png,koWcxNMbMRN8TxnP.png,rock,1,train
C:\Users\pedse\Desktop\DIPagrindai\lab3\images\rock\No7Qf3DONPRwor5U.png,No7Qf3DONPRwor5U.png,rock,1,train
C:\Users\pedse\Desktop\DIPagrindai\lab3\images\scissors\NCHfmPjxa7aay5AX.png,NCHfmPjxa7aay5AX.png,scissors,2,train
C:\Users\pedse\Desktop\DIPagrindai\lab3\images\rock\WuAzBDRg8CTEJS9v.png,WuAzBDRg8CTEJS9v.png,rock,1,train
C:\Users\pedse\Desktop\DIPagrindai\lab3\images\scissors\st0riwaAOtBFhJfA.png,st0riwaAOtBFhJfA.png,scissors,2,train
C:\Users\pedse\Desktop\DIPagrindai\lab3\images\rock\9JYn3D5vkXtrasPJ.png,9JYn3D5vkXtrasPJ.png,rock,1,train
C:\Users\pedse\Desktop\DIPagrindai\lab3\images\rock\nmxmRD1050oGpGEa.png,nmxmRD1050oGpGEa.png,rock,1,train
C:\Users\pedse\Desktop\DIPagrindai\lab3\images\rock\sDLQgvDkWYW8qa8b.png,sDLQgvDkWYW8qa8b.png,rock,1,train
C:\Users\pedse\Desktop\DIPagrindai\lab3\images\rock\LSpFmcm9V8jmdhR3.png,LSpFmcm9V8jmdhR3.png,rock,1,train
C:\Users\pedse\Desktop\DIPagrindai\lab3\images\scissors\GlmYygm1ezDtcUks.png,GlmYygm1ezDtcUks.png,scissors,2,train
C:\Users\pedse\Desktop\DIPagrindai\lab3\images\scissors\kH6F4XFQOxMTRZj3.png,kH6F4XFQOxMTRZj3.png,scissors,2,train
C:\Users\pedse\Desktop\DIPagrindai\lab3\images\paper\bQO2dBIReHsgMCBi.png,bQO2dBIReHsgMCBi.png,paper,0,train
C:\Users\pedse\Desktop\DIPagrindai\lab3\images\paper\BfFGJgByTJnxADwA.png,BfFGJgByTJnxADwA.png,paper,0,train
C:\Users\pedse\Desktop\DIPagrindai\lab3\images\rock\4VYEe9NSyMlJmXUx.png,4VYEe9NSyMlJmXUx.png,rock,1,train
C:\Users\pedse\Desktop\DIPagrindai\lab3\images\rock\CZMVXF6ReNFTmQu3.png,CZMVXF6ReNFTmQu3.png,rock,1,train
C:\Users\pedse\Desktop\DIPagrindai\lab3\images\paper\7NyxZyxSJ1gphzUE.png,7NyxZyxSJ1gphzUE.png,paper,0,train
C:\Users\pedse\Desktop\DIPagrindai\lab3\images\scissors\VOgDVSfapx23t5tA.png,VOgDVSfapx23t5tA.png,scissors,2,train
C:\Users\pedse\Desktop\DIPagrindai\lab3\images\scissors\256MrhkDete6aQhP.png,256MrhkDete6aQhP.png,scissors,2,train
C:\Users\pedse\Desktop\DIPagrindai\lab3\images\paper\73UfZ8Dwj0OB66IV.png,73UfZ8Dwj0OB66IV.png,paper,0,train
C:\Users\pedse\Desktop\DIPagrindai\lab3\images\scissors\ejrBEOeknHrk4kCi.png,ejrBEOeknHrk4kCi.png,scissors,2,train
C:\Users\pedse\Desktop\DIPagrindai\lab3\images\scissors\XyUSCoWQqR72pGt8.png,XyUSCoWQqR72pGt8.png,scissors,2,train
C:\Users\pedse\Desktop\DIPagrindai\lab3\images\rock\uK8EXLN4mejf6aN0.png,uK8EXLN4mejf6aN0.png,rock,1,train
C:\Users\pedse\Desktop\DIPagrindai\lab3\images\scissors\jbj5K46TOmR5hkWu.png,jbj5K46TOmR5hkWu.png,scissors,2,train
C:\Users\pedse\Desktop\DIPagrindai\lab3\images\paper\e96cq72UJTICTkE0.png,e96cq72UJTICTkE0.png,paper,0,train
C:\Users\pedse\Desktop\DIPagrindai\lab3\images\scissors\0ePX1wuCc3et7leL.png,0ePX1wuCc3et7leL.png,scissors,2,train
C:\Users\pedse\Desktop\DIPagrindai\lab3\images\paper\UmipL2kv9TdDdryZ.png,UmipL2kv9TdDdryZ.png,paper,0,train
C:\Users\pedse\Desktop\DIPagrindai\lab3\images\paper\Su03KsBNHrCVUXli.png,Su03KsBNHrCVUXli.png,paper,0,train
C:\Users\pedse\Desktop\DIPagrindai\lab3\images\paper\JApmimWQx0vFx1qw.png,JApmimWQx0vFx1qw.png,paper,0,train
C:\Users\pedse\Desktop\DIPagrindai\lab3\images\scissors\g2CVyHgIl83M2F0m.png,g2CVyHgIl83M2F0m.png,scissors,2,train
C:\Users\pedse\Desktop\DIPagrindai\lab3\images\rock\iQ8Ef3yZ12whKccA.png,iQ8Ef3yZ12whKccA.png,rock,1,train
C:\Users\pedse\Desktop\DIPagrindai\lab3\images\scissors\Hkq2KHtnKxyBLLPU.png,Hkq2KHtnKxyBLLPU.png,scissors,2,train
C:\Users\pedse\Desktop\DIPagrindai\lab3\images\scissors\ztTeXxuMaartlKMy.png,ztTeXxuMaartlKMy.png,scissors,2,train
C:\Users\pedse\Desktop\DIPagrindai\lab3\images\rock\UPZ5MJAl3AqoLrZV.png,UPZ5MJAl3AqoLrZV.png,rock,1,train
C:\Users\pedse\Desktop\DIPagrindai\lab3\images\rock\8HKeT2oFz3gPSW0p.png,8HKeT2oFz3gPSW0p.png,rock,1,train
C:\Users\pedse\Desktop\DIPagrindai\lab3\images\scissors\Z2jcrWNs2feSmVtI.png,Z2jcrWNs2feSmVtI.png,scissors,2,train
C:\Users\pedse\Desktop\DIPagrindai\lab3\images\rock\QKlibCXvATAv2H4i.png,QKlibCXvATAv2H4i.png,rock,1,train
C:\Users\pedse\Desktop\DIPagrindai\lab3\images\paper\TzhAea8QXqJwqpUY.png,TzhAea8QXqJwqpUY.png,paper,0,train
C:\Users\pedse\Desktop\DIPagrindai\lab3\images\scissors\VRUsuwjXjZtW1Kaj.png,VRUsuwjXjZtW1Kaj.png,scissors,2,train
C:\Users\pedse\Desktop\DIPagrindai\lab3\images\scissors\qq6omTHIt2LwuAo0.png,qq6omTHIt2LwuAo0.png,scissors,2,train
C:\Users\pedse\Desktop\DIPagrindai\lab3\images\paper\52nvTykEONIdmqQI.png,52nvTykEONIdmqQI.png,paper,0,train
C:\Users\pedse\Desktop\DIPagrindai\lab3\images\scissors\AOao5nWv96N9SV7O.png,AOao5nWv96N9SV7O.png,scissors,2,train
C:\Users\pedse\Desktop\DIPagrindai\lab3\images\rock\yga4KN1EfpYG2u9w.png,yga4KN1EfpYG2u9w.png,rock,1,train
C:\Users\pedse\Desktop\DIPagrindai\lab3\images\rock\UuozdYFAjozEdiMj.png,UuozdYFAjozEdiMj.png,rock,1,train
C:\Users\pedse\Desktop\DIPagrindai\lab3\images\paper\cw7oAjQLSjDYZPXH.png,cw7oAjQLSjDYZPXH.png,paper,0,train
C:\Users\pedse\Desktop\DIPagrindai\lab3\images\scissors\OYBNEmjQC8Uh2cC5.png,OYBNEmjQC8Uh2cC5.png,scissors,2,train
C:\Users\pedse\Desktop\DIPagrindai\lab3\images\scissors\sNnaELZrclDFKtoL.png,sNnaELZrclDFKtoL.png,scissors,2,train
C:\Users\pedse\Desktop\DIPagrindai\lab3\images\paper\NS5CJKNsJa9jr5j4.png,NS5CJKNsJa9jr5j4.png,paper,0,train
C:\Users\pedse\Desktop\DIPagrindai\lab3\images\rock\bsj2s38rcZvedHSI.png,bsj2s38rcZvedHSI.png,rock,1,train
C:\Users\pedse\Desktop\DIPagrindai\lab3\images\scissors\CTbANISUvZMD2T4L.png,CTbANISUvZMD2T4L.png,scissors,2,train
C:\Users\pedse\Desktop\DIPagrindai\lab3\images\scissors\2vDaPrc35RGC8nvM.png,2vDaPrc35RGC8nvM.png,scissors,2,train
C:\Users\pedse\Desktop\DIPagrindai\lab3\images\paper\LpASHQ03atiBeyRw.png,LpASHQ03atiBeyRw.png,paper,0,train
C:\Users\pedse\Desktop\DIPagrindai\lab3\images\scissors\fRkWkCO0r8ZJ6ury.png,fRkWkCO0r8ZJ6ury.png,scissors,2,train
C:\Users\pedse\Desktop\DIPagrindai\lab3\images\paper\HyLg8tH9blwT6eVy.png,HyLg8tH9blwT6eVy.png,paper,0,train
C:\Users\pedse\Desktop\DIPagrindai\lab3\images\scissors\wQC1ZnzFaPmqMzp0.png,wQC1ZnzFaPmqMzp0.png,scissors,2,train
C:\Users\pedse\Desktop\DIPagrindai\lab3\images\scissors\iM1hcJsC387vy9YA.png,iM1hcJsC387vy9YA.png,scissors,2,train
C:\Users\pedse\Desktop\DIPagrindai\lab3\images\scissors\R9xpzPuawT5aH69c.png,R9xpzPuawT5aH69c.png,scissors,2,train
C:\Users\pedse\Desktop\DIPagrindai\lab3\images\scissors\pLBH6c1NAfL1xVTn.png,pLBH6c1NAfL1xVTn.png,scissors,2,train
C:\Users\pedse\Desktop\DIPagrindai\lab3\images\paper\fwnVVskCSNkB9LUL.png,fwnVVskCSNkB9LUL.png,paper,0,train
C:\Users\pedse\Desktop\DIPagrindai\lab3\images\paper\3sKeYzYsjbWQVhc4.png,3sKeYzYsjbWQVhc4.png,paper,0,train
C:\Users\pedse\Desktop\DIPagrindai\lab3\images\paper\oqJ2wJHOLMGGxdjF.png,oqJ2wJHOLMGGxdjF.png,paper,0,train
C:\Users\pedse\Desktop\DIPagrindai\lab3\images\paper\rffdDFsMVDDkn32c.png,rffdDFsMVDDkn32c.png,paper,0,train
C:\Users\pedse\Desktop\DIPagrindai\lab3\images\scissors\g6KeAGhgzo4NSYWc.png,g6KeAGhgzo4NSYWc.png,scissors,2,train
C:\Users\pedse\Desktop\DIPagrindai\lab3\images\paper\UHyVkisiFMmasl7b.png,UHyVkisiFMmasl7b.png,paper,0,train
C:\Users\pedse\Desktop\DIPagrindai\lab3\images\scissors\FeKk3jfdVyzHV7l5.png,FeKk3jfdVyzHV7l5.png,scissors,2,train
C:\Users\pedse\Desktop\DIPagrindai\lab3\images\paper\50Wjlq1jW7o3wcl8.png,50Wjlq1jW7o3wcl8.png,paper,0,train
C:\Users\pedse\Desktop\DIPagrindai\lab3\images\scissors\8dKMDDHzX9WeRAaN.png,8dKMDDHzX9WeRAaN.png,scissors,2,train
C:\Users\pedse\Desktop\DIPagrindai\lab3\images\paper\3XEQ73XMn7zaww2T.png,3XEQ73XMn7zaww2T.png,paper,0,train
C:\Users\pedse\Desktop\DIPagrindai\lab3\images\rock\GgPhnXFElpasCa0C.png,GgPhnXFElpasCa0C.png,rock,1,train
C:\Users\pedse\Desktop\DIPagrindai\lab3\images\paper\oBKuveyTYAhqtKSw.png,oBKuveyTYAhqtKSw.png,paper,0,train
C:\Users\pedse\Desktop\DIPagrindai\lab3\images\scissors\UTc5RnTVPMdKnVPL.png,UTc5RnTVPMdKnVPL.png,scissors,2,train
C:\Users\pedse\Desktop\DIPagrindai\lab3\images\scissors\kzjICtBZVnwJrYeI.png,kzjICtBZVnwJrYeI.png,scissors,2,train
C:\Users\pedse\Desktop\DIPagrindai\lab3\images\rock\esqqaIq6wKOr8EK6.png,esqqaIq6wKOr8EK6.png,rock,1,train
C:\Users\pedse\Desktop\DIPagrindai\lab3\images\scissors\kY0Q7raIkxwCCOk2.png,kY0Q7raIkxwCCOk2.png,scissors,2,train
C:\Users\pedse\Desktop\DIPagrindai\lab3\images\scissors\1jKhi65BPTLXnUI6.png,1jKhi65BPTLXnUI6.png,scissors,2,train
C:\Users\pedse\Desktop\DIPagrindai\lab3\images\scissors\IH5gpU7fLJSn90Rx.png,IH5gpU7fLJSn90Rx.png,scissors,2,train
C:\Users\pedse\Desktop\DIPagrindai\lab3\images\scissors\e1qGNUkh9ecj7QG3.png,e1qGNUkh9ecj7QG3.png,scissors,2,train
C:\Users\pedse\Desktop\DIPagrindai\lab3\images\paper\74FZPuPPfVCwqHgO.png,74FZPuPPfVCwqHgO.png,paper,0,train
C:\Users\pedse\Desktop\DIPagrindai\lab3\images\rock\n61z73RnZB19Bpq8.png,n61z73RnZB19Bpq8.png,rock,1,train
C:\Users\pedse\Desktop\DIPagrindai\lab3\images\paper\PZrfX01MvfB3oeyB.png,PZrfX01MvfB3oeyB.png,paper,0,train
C:\Users\pedse\Desktop\DIPagrindai\lab3\images\rock\3k7WrSAInCaatFtl.png,3k7WrSAInCaatFtl.png,rock,1,train
C:\Users\pedse\Desktop\DIPagrindai\lab3\images\rock\JMkBm2iBy4VxFChU.png,JMkBm2iBy4VxFChU.png,rock,1,train
C:\Users\pedse\Desktop\DIPagrindai\lab3\images\paper\aOiWbMZF8BhxwLTs.png,aOiWbMZF8BhxwLTs.png,paper,0,train
C:\Users\pedse\Desktop\DIPagrindai\lab3\images\rock\nb1DEYJBoJTVwG4K.png,nb1DEYJBoJTVwG4K.png,rock,1,train
C:\Users\pedse\Desktop\DIPagrindai\lab3\images\scissors\9C2CyZRK18hcyHSx.png,9C2CyZRK18hcyHSx.png,scissors,2,train
C:\Users\pedse\Desktop\DIPagrindai\lab3\images\paper\1yeoLbmp4alVOtFv.png,1yeoLbmp4alVOtFv.png,paper,0,train
C:\Users\pedse\Desktop\DIPagrindai\lab3\images\paper\KAoLE5XBuwjmtKj2.png,KAoLE5XBuwjmtKj2.png,paper,0,train
C:\Users\pedse\Desktop\DIPagrindai\lab3\images\scissors\63khvkT3L0GCdMHh.png,63khvkT3L0GCdMHh.png,scissors,2,train
C:\Users\pedse\Desktop\DIPagrindai\lab3\images\scissors\vcEwRcuUMQ89i8on.png,vcEwRcuUMQ89i8on.png,scissors,2,train
C:\Users\pedse\Desktop\DIPagrindai\lab3\images\scissors\RydyYWgvhLQPwEaw.png,RydyYWgvhLQPwEaw.png,scissors,2,train
C:\Users\pedse\Desktop\DIPagrindai\lab3\images\scissors\IdrewaHdlHRrNHbJ.png,IdrewaHdlHRrNHbJ.png,scissors,2,train
C:\Users\pedse\Desktop\DIPagrindai\lab3\images\paper\p81Lb4bD6fEvkSQ0.png,p81Lb4bD6fEvkSQ0.png,paper,0,train
C:\Users\pedse\Desktop\DIPagrindai\lab3\images\scissors\Eodp43S6sgfxeCST.png,Eodp43S6sgfxeCST.png,scissors,2,train
C:\Users\pedse\Desktop\DIPagrindai\lab3\images\scissors\g1gIEqOv6YDveleA.png,g1gIEqOv6YDveleA.png,scissors,2,train
C:\Users\pedse\Desktop\DIPagrindai\lab3\images\rock\ODhkT6k9Xdoj9xG7.png,ODhkT6k9Xdoj9xG7.png,rock,1,train
C:\Users\pedse\Desktop\DIPagrindai\lab3\images\scissors\Lx4Xy1Odplz4I1u8.png,Lx4Xy1Odplz4I1u8.png,scissors,2,train
C:\Users\pedse\Desktop\DIPagrindai\lab3\images\scissors\YaAtOlkyK9hnzZ11.png,YaAtOlkyK9hnzZ11.png,scissors,2,train
C:\Users\pedse\Desktop\DIPagrindai\lab3\images\rock\bC7OWmNYjZLjLYnd.png,bC7OWmNYjZLjLYnd.png,rock,1,train
C:\Users\pedse\Desktop\DIPagrindai\lab3\images\paper\mWtDBJ2pprz96x22.png,mWtDBJ2pprz96x22.png,paper,0,train
C:\Users\pedse\Desktop\DIPagrindai\lab3\images\paper\1Frbe8cdOdkciOBg.png,1Frbe8cdOdkciOBg.png,paper,0,train
C:\Users\pedse\Desktop\DIPagrindai\lab3\images\paper\xhKyuxHPC3RnoLD0.png,xhKyuxHPC3RnoLD0.png,paper,0,train
C:\Users\pedse\Desktop\DIPagrindai\lab3\images\paper\lj8o8xy1TAOMQDaH.png,lj8o8xy1TAOMQDaH.png,paper,0,train
C:\Users\pedse\Desktop\DIPagrindai\lab3\images\paper\CpDMCILKUN2AUA1A.png,CpDMCILKUN2AUA1A.png,paper,0,train
C:\Users\pedse\Desktop\DIPagrindai\lab3\images\scissors\9YPMzKwEOWcIx1oN.png,9YPMzKwEOWcIx1oN.png,scissors,2,train
C:\Users\pedse\Desktop\DIPagrindai\lab3\images\paper\EuU83pQABhf4v0AF.png,EuU83pQABhf4v0AF.png,paper,0,train
C:\Users\pedse\Desktop\DIPagrindai\lab3\images\scissors\eTkUxksFCvfsbVLs.png,eTkUxksFCvfsbVLs.png,scissors,2,train
C:\Users\pedse\Desktop\DIPagrindai\lab3\images\paper\0zKU6wEhT2cDe9j0.png,0zKU6wEhT2cDe9j0.png,paper,0,train
C:\Users\pedse\Desktop\DIPagrindai\lab3\images\scissors\w1NflQUWVQmFdZdI.png,w1NflQUWVQmFdZdI.png,scissors,2,train
C:\Users\pedse\Desktop\DIPagrindai\lab3\images\paper\xR8mRBEdYAbokAEk.png,xR8mRBEdYAbokAEk.png,paper,0,train
C:\Users\pedse\Desktop\DIPagrindai\lab3\images\rock\RsBNa42PCliwNPQS.png,RsBNa42PCliwNPQS.png,rock,1,train
C:\Users\pedse\Desktop\DIPagrindai\lab3\images\rock\9Ylbn7DgtTyKKNuM.png,9Ylbn7DgtTyKKNuM.png,rock,1,train
C:\Users\pedse\Desktop\DIPagrindai\lab3\images\scissors\wMLAOfEG0tDVHVX0.png,wMLAOfEG0tDVHVX0.png,scissors,2,train
C:\Users\pedse\Desktop\DIPagrindai\lab3\images\paper\4Pir885YNPXiRs0R.png,4Pir885YNPXiRs0R.png,paper,0,train
C:\Users\pedse\Desktop\DIPagrindai\lab3\images\paper\SPx9aUguwNqxqPVS.png,SPx9aUguwNqxqPVS.png,paper,0,train
C:\Users\pedse\Desktop\DIPagrindai\lab3\images\paper\IQsx834hZ2POqopO.png,IQsx834hZ2POqopO.png,paper,0,train
C:\Users\pedse\Desktop\DIPagrindai\lab3\images\scissors\Cw34q0DptQFOEeoF.png,Cw34q0DptQFOEeoF.png,scissors,2,train
C:\Users\pedse\Desktop\DIPagrindai\lab3\images\paper\c4FpTJmUl8wtm4n3.png,c4FpTJmUl8wtm4n3.png,paper,0,train
C:\Users\pedse\Desktop\DIPagrindai\lab3\images\scissors\lhD4U5er2UL6nfAH.png,lhD4U5er2UL6nfAH.png,scissors,2,train
C:\Users\pedse\Desktop\DIPagrindai\lab3\images\rock\iILNKQp2qExtn6JV.png,iILNKQp2qExtn6JV.png,rock,1,train
C:\Users\pedse\Desktop\DIPagrindai\lab3\images\paper\vFCd43peE8nozYko.png,vFCd43peE8nozYko.png,paper,0,train
C:\Users\pedse\Desktop\DIPagrindai\lab3\images\paper\mkUctpckc3vjOwKa.png,mkUctpckc3vjOwKa.png,paper,0,train
C:\Users\pedse\Desktop\DIPagrindai\lab3\images\rock\SNEJ1wGU1s9Dm3I1.png,SNEJ1wGU1s9Dm3I1.png,rock,1,train
C:\Users\pedse\Desktop\DIPagrindai\lab3\images\scissors\w58UIOAxkjM2L3AO.png,w58UIOAxkjM2L3AO.png,scissors,2,train
C:\Users\pedse\Desktop\DIPagrindai\lab3\images\rock\xMzUrLkx9vIWWwZU.png,xMzUrLkx9vIWWwZU.png,rock,1,train
C:\Users\pedse\Desktop\DIPagrindai\lab3\images\scissors\oneWMcLqF5aVRqz8.png,oneWMcLqF5aVRqz8.png,scissors,2,train
C:\Users\pedse\Desktop\DIPagrindai\lab3\images\paper\QVIiXr87PkeldzZM.png,QVIiXr87PkeldzZM.png,paper,0,train
C:\Users\pedse\Desktop\DIPagrindai\lab3\images\paper\r98ovEGxFpCnVnyy.png,r98ovEGxFpCnVnyy.png,paper,0,train
C:\Users\pedse\Desktop\DIPagrindai\lab3\images\rock\O0YV4V0z2pe4kxwx.png,O0YV4V0z2pe4kxwx.png,rock,1,train
C:\Users\pedse\Desktop\DIPagrindai\lab3\images\paper\9OyGmAsWD5Ie6QIa.png,9OyGmAsWD5Ie6QIa.png,paper,0,train
C:\Users\pedse\Desktop\DIPagrindai\lab3\images\rock\X4UIuiTnzUP68r86.png,X4UIuiTnzUP68r86.png,rock,1,train
C:\Users\pedse\Desktop\DIPagrindai\lab3\images\scissors\oJHJKGs9EiSNQo1m.png,oJHJKGs9EiSNQo1m.png,scissors,2,train
C:\Users\pedse\Desktop\DIPagrindai\lab3\images\paper\dPSQ4TKPBJyjv6cH.png,dPSQ4TKPBJyjv6cH.png,paper,0,train
C:\Users\pedse\Desktop\DIPagrindai\lab3\images\rock\5dxMkdp9L1r6Dv8X.png,5dxMkdp9L1r6Dv8X.png,rock,1,train
C:\Users\pedse\Desktop\DIPagrindai\lab3\images\scissors\2l1K148aIJHRR1q7.png,2l1K148aIJHRR1q7.png,scissors,2,train
C:\Users\pedse\Desktop\DIPagrindai\lab3\images\paper\Ht08RX3DQCSdl9Sy.png,Ht08RX3DQCSdl9Sy.png,paper,0,train
C:\Users\pedse\Desktop\DIPagrindai\lab3\images\paper\KOlOsNsrUdQonYpp.png,KOlOsNsrUdQonYpp.png,paper,0,train
C:\Users\pedse\Desktop\DIPagrindai\lab3\images\paper\n10pI9JDPyeM0P73.png,n10pI9JDPyeM0P73.png,paper,0,train
C:\Users\pedse\Desktop\DIPagrindai\lab3\images\paper\5Iz9WPYz1C3PKWxj.png,5Iz9WPYz1C3PKWxj.png,paper,0,train
C:\Users\pedse\Desktop\DIPagrindai\lab3\images\rock\yAKYvpfUMYbJhbDP.png,yAKYvpfUMYbJhbDP.png,rock,1,train
C:\Users\pedse\Desktop\DIPagrindai\lab3\images\scissors\ZCr3PjDcttbKRAAW.png,ZCr3PjDcttbKRAAW.png,scissors,2,train
C:\Users\pedse\Desktop\DIPagrindai\lab3\images\paper\jaxChUvakWAN9eTs.png,jaxChUvakWAN9eTs.png,paper,0,train
C:\Users\pedse\Desktop\DIPagrindai\lab3\images\scissors\8Q1PAZsxpLf5FAo6.png,8Q1PAZsxpLf5FAo6.png,scissors,2,train
C:\Users\pedse\Desktop\DIPagrindai\lab3\images\rock\EvmNpXcSU8y41PXX.png,EvmNpXcSU8y41PXX.png,rock,1,train
C:\Users\pedse\Desktop\DIPagrindai\lab3\images\scissors\Lv7HtvXSy9JMzap2.png,Lv7HtvXSy9JMzap2.png,scissors,2,train
C:\Users\pedse\Desktop\DIPagrindai\lab3\images\rock\A2j94231CiW6OKA0.png,A2j94231CiW6OKA0.png,rock,1,train
C:\Users\pedse\Desktop\DIPagrindai\lab3\images\scissors\8pCggsYVt6kUOza4.png,8pCggsYVt6kUOza4.png,scissors,2,train
C:\Users\pedse\Desktop\DIPagrindai\lab3\images\rock\v7SoU8w2zc8vc7PI.png,v7SoU8w2zc8vc7PI.png,rock,1,train
C:\Users\pedse\Desktop\DIPagrindai\lab3\images\scissors\YqEvBlhrl5XkzIlO.png,YqEvBlhrl5XkzIlO.png,scissors,2,train
C:\Users\pedse\Desktop\DIPagrindai\lab3\images\rock\1mnAKQCHEDbtjPX2.png,1mnAKQCHEDbtjPX2.png,rock,1,train
C:\Users\pedse\Desktop\DIPagrindai\lab3\images\scissors\F4iIoT06hTWSuSs2.png,F4iIoT06hTWSuSs2.png,scissors,2,train
C:\Users\pedse\Desktop\DIPagrindai\lab3\images\paper\hH7jcOkAiHqNDWcy.png,hH7jcOkAiHqNDWcy.png,paper,0,train
C:\Users\pedse\Desktop\DIPagrindai\lab3\images\rock\goDBJj8kMSQbpQZT.png,goDBJj8kMSQbpQZT.png,rock,1,train
C:\Users\pedse\Desktop\DIPagrindai\lab3\images\scissors\J1xlCySVCiSiwbcF.png,J1xlCySVCiSiwbcF.png,scissors,2,train
C:\Users\pedse\Desktop\DIPagrindai\lab3\images\scissors\QmIo8xYOtQcTMJlO.png,QmIo8xYOtQcTMJlO.png,scissors,2,train
C:\Users\pedse\Desktop\DIPagrindai\lab3\images\rock\eb93o1ZDeBlrdfyc.png,eb93o1ZDeBlrdfyc.png,rock,1,train
C:\Users\pedse\Desktop\DIPagrindai\lab3\images\paper\m4BUXxtLrhnsSUJ2.png,m4BUXxtLrhnsSUJ2.png,paper,0,train
C:\Users\pedse\Desktop\DIPagrindai\lab3\images\rock\N3Qml9f8reG31r5b.png,N3Qml9f8reG31r5b.png,rock,1,train
C:\Users\pedse\Desktop\DIPagrindai\lab3\images\paper\MLrUGD1graoSw2c5.png,MLrUGD1graoSw2c5.png,paper,0,train
C:\Users\pedse\Desktop\DIPagrindai\lab3\images\scissors\Ty7ti2YUZ4XJcaOk.png,Ty7ti2YUZ4XJcaOk.png,scissors,2,train
C:\Users\pedse\Desktop\DIPagrindai\lab3\images\paper\4ZoU4nouZzb9G2MI.png,4ZoU4nouZzb9G2MI.png,paper,0,train
C:\Users\pedse\Desktop\DIPagrindai\lab3\images\paper\khFWD3MPEKPitVyA.png,khFWD3MPEKPitVyA.png,paper,0,train
C:\Users\pedse\Desktop\DIPagrindai\lab3\images\paper\UQIJiOYi6zCaIeue.png,UQIJiOYi6zCaIeue.png,paper,0,train
C:\Users\pedse\Desktop\DIPagrindai\lab3\images\rock\3Umm2S8TUyEpkbCY.png,3Umm2S8TUyEpkbCY.png,rock,1,train
C:\Users\pedse\Desktop\DIPagrindai\lab3\images\rock\85dWwzSo83sQnsoh.png,85dWwzSo83sQnsoh.png,rock,1,train
C:\Users\pedse\Desktop\DIPagrindai\lab3\images\paper\qtYZl1WPMxaH5KQV.png,qtYZl1WPMxaH5KQV.png,paper,0,train
C:\Users\pedse\Desktop\DIPagrindai\lab3\images\scissors\WtS1aLhJK2FZpcEt.png,WtS1aLhJK2FZpcEt.png,scissors,2,train
C:\Users\pedse\Desktop\DIPagrindai\lab3\images\rock\T6biQxOCDlM5ad7k.png,T6biQxOCDlM5ad7k.png,rock,1,train
C:\Users\pedse\Desktop\DIPagrindai\lab3\images\scissors\UW6gS11P3sXF3SBU.png,UW6gS11P3sXF3SBU.png,scissors,2,train
C:\Users\pedse\Desktop\DIPagrindai\lab3\images\paper\0Og76sl5CJhbxWWx.png,0Og76sl5CJhbxWWx.png,paper,0,train
C:\Users\pedse\Desktop\DIPagrindai\lab3\images\paper\NKNFgMn2Ik3Y9XuX.png,NKNFgMn2Ik3Y9XuX.png,paper,0,train
C:\Users\pedse\Desktop\DIPagrindai\lab3\images\rock\MJkLyjWTzbjL8qyk.png,MJkLyjWTzbjL8qyk.png,rock,1,train
C:\Users\pedse\Desktop\DIPagrindai\lab3\images\scissors\FZTB5QPwvq7b9xok.png,FZTB5QPwvq7b9xok.png,scissors,2,train
C:\Users\pedse\Desktop\DIPagrindai\lab3\images\paper\84JL84r6Jcpp5Udi.png,84JL84r6Jcpp5Udi.png,paper,0,train
C:\Users\pedse\Desktop\DIPagrindai\lab3\images\scissors\qblMZUcJN3odjQlm.png,qblMZUcJN3odjQlm.png,scissors,2,train
C:\Users\pedse\Desktop\DIPagrindai\lab3\images\rock\337ARHTZmhCSkoEM.png,337ARHTZmhCSkoEM.png,rock,1,train
C:\Users\pedse\Desktop\DIPagrindai\lab3\images\scissors\bmlw6acW9500qauw.png,bmlw6acW9500qauw.png,scissors,2,train
C:\Users\pedse\Desktop\DIPagrindai\lab3\images\rock\x4KH7n6QA6CV8In4.png,x4KH7n6QA6CV8In4.png,rock,1,train
C:\Users\pedse\Desktop\DIPagrindai\lab3\images\paper\G4QepYlFnpE8Zse4.png,G4QepYlFnpE8Zse4.png,paper,0,train
C:\Users\pedse\Desktop\DIPagrindai\lab3\images\rock\XRnYppsMGdfUa5mZ.png,XRnYppsMGdfUa5mZ.png,rock,1,train
C:\Users\pedse\Desktop\DIPagrindai\lab3\images\rock\wI8gSJIe2tzwPSub.png,wI8gSJIe2tzwPSub.png,rock,1,train
C:\Users\pedse\Desktop\DIPagrindai\lab3\images\rock\2nSUlcvPf1DOCo1j.png,2nSUlcvPf1DOCo1j.png,rock,1,train
C:\Users\pedse\Desktop\DIPagrindai\lab3\images\paper\9hKJu3ZMso4Qbtfh.png,9hKJu3ZMso4Qbtfh.png,paper,0,train
C:\Users\pedse\Desktop\DIPagrindai\lab3\images\rock\dxfucopsE3UFuH28.png,dxfucopsE3UFuH28.png,rock,1,train
C:\Users\pedse\Desktop\DIPagrindai\lab3\images\scissors\GIFgGPzv7MykUgzM.png,GIFgGPzv7MykUgzM.png,scissors,2,train
C:\Users\pedse\Desktop\DIPagrindai\lab3\images\paper\et9oIiGQmAgwy7GK.png,et9oIiGQmAgwy7GK.png,paper,0,train
C:\Users\pedse\Desktop\DIPagrindai\lab3\images\scissors\5EUrUn1fjmi3TKE3.png,5EUrUn1fjmi3TKE3.png,scissors,2,train
C:\Users\pedse\Desktop\DIPagrindai\lab3\images\scissors\XPvABb1iOSQx69Dq.png,XPvABb1iOSQx69Dq.png,scissors,2,train
C:\Users\pedse\Desktop\DIPagrindai\lab3\images\paper\1jHtb93pI8f6pfKo.png,1jHtb93pI8f6pfKo.png,paper,0,train
C:\Users\pedse\Desktop\DIPagrindai\lab3\images\scissors\x0d1n2y61LHxML3g.png,x0d1n2y61LHxML3g.png,scissors,2,train
C:\Users\pedse\Desktop\DIPagrindai\lab3\images\scissors\2ZPcSpOm7SEfQYwg.png,2ZPcSpOm7SEfQYwg.png,scissors,2,train
C:\Users\pedse\Desktop\DIPagrindai\lab3\images\rock\Aa9hY8wo2ixaUNKH.png,Aa9hY8wo2ixaUNKH.png,rock,1,train
C:\Users\pedse\Desktop\DIPagrindai\lab3\images\paper\7v943QrV87m1Fx5U.png,7v943QrV87m1Fx5U.png,paper,0,train
C:\Users\pedse\Desktop\DIPagrindai\lab3\images\paper\XJlnAmd0Rb4GNRxm.png,XJlnAmd0Rb4GNRxm.png,paper,0,train
C:\Users\pedse\Desktop\DIPagrindai\lab3\images\rock\UMhiPBxOmfSpItMU.png,UMhiPBxOmfSpItMU.png,rock,1,train
C:\Users\pedse\Desktop\DIPagrindai\lab3\images\paper\jZe5ePOjxcQEJitP.png,jZe5ePOjxcQEJitP.png,paper,0,train
C:\Users\pedse\Desktop\DIPagrindai\lab3\images\scissors\JULz0bpEBDkoMfh4.png,JULz0bpEBDkoMfh4.png,scissors,2,train
C:\Users\pedse\Desktop\DIPagrindai\lab3\images\scissors\Vn5KkLfrFuLeRyKZ.png,Vn5KkLfrFuLeRyKZ.png,scissors,2,train
C:\Users\pedse\Desktop\DIPagrindai\lab3\images\scissors\b4Qm4ZK5AAUQo1Ax.png,b4Qm4ZK5AAUQo1Ax.png,scissors,2,train
C:\Users\pedse\Desktop\DIPagrindai\lab3\images\rock\xBWG6t5EvReNN7mW.png,xBWG6t5EvReNN7mW.png,rock,1,train
C:\Users\pedse\Desktop\DIPagrindai\lab3\images\scissors\IOa7xROJIqP2jRQE.png,IOa7xROJIqP2jRQE.png,scissors,2,train
C:\Users\pedse\Desktop\DIPagrindai\lab3\images\rock\VkRNUIG8Q54sx8r4.png,VkRNUIG8Q54sx8r4.png,rock,1,train
C:\Users\pedse\Desktop\DIPagrindai\lab3\images\scissors\2fxAdPTgrVIoITsL.png,2fxAdPTgrVIoITsL.png,scissors,2,train
C:\Users\pedse\Desktop\DIPagrindai\lab3\images\scissors\RQgc9a0ml3hXrJXq.png,RQgc9a0ml3hXrJXq.png,scissors,2,train
C:\Users\pedse\Desktop\DIPagrindai\lab3\images\scissors\PV4JNT7EUevp0FDj.png,PV4JNT7EUevp0FDj.png,scissors,2,train
C:\Users\pedse\Desktop\DIPagrindai\lab3\images\rock\9sJrWSSurvaNb8FW.png,9sJrWSSurvaNb8FW.png,rock,1,train
C:\Users\pedse\Desktop\DIPagrindai\lab3\images\paper\9GnoYJhsreNoV2Wn.png,9GnoYJhsreNoV2Wn.png,paper,0,train
C:\Users\pedse\Desktop\DIPagrindai\lab3\images\rock\UXc8KgQBF2jXEa9j.png,UXc8KgQBF2jXEa9j.png,rock,1,train
C:\Users\pedse\Desktop\DIPagrindai\lab3\images\scissors\fRMSey1LBvG1TRWj.png,fRMSey1LBvG1TRWj.png,scissors,2,train
C:\Users\pedse\Desktop\DIPagrindai\lab3\images\paper\JsrOSaR3txTRu3I9.png,JsrOSaR3txTRu3I9.png,paper,0,train
C:\Users\pedse\Desktop\DIPagrindai\lab3\images\scissors\z5l2JCxLM7igVya5.png,z5l2JCxLM7igVya5.png,scissors,2,train
C:\Users\pedse\Desktop\DIPagrindai\lab3\images\scissors\FqutRcI9gGbZl8Gv.png,FqutRcI9gGbZl8Gv.png,scissors,2,train
C:\Users\pedse\Desktop\DIPagrindai\lab3\images\paper\kz9TBAHLFXGnHCiF.png,kz9TBAHLFXGnHCiF.png,paper,0,train
C:\Users\pedse\Desktop\DIPagrindai\lab3\images\rock\XQVw2vKQl0dywWDc.png,XQVw2vKQl0dywWDc.png,rock,1,train
C:\Users\pedse\Desktop\DIPagrindai\lab3\images\paper\HYIh5ipF4bN1futQ.png,HYIh5ipF4bN1futQ.png,paper,0,train
C:\Users\pedse\Desktop\DIPagrindai\lab3\images\rock\gtVEm7JEdr0wE1ip.png,gtVEm7JEdr0wE1ip.png,rock,1,train
C:\Users\pedse\Desktop\DIPagrindai\lab3\images\scissors\jwdItCvoNRkssn6D.png,jwdItCvoNRkssn6D.png,scissors,2,train
C:\Users\pedse\Desktop\DIPagrindai\lab3\images\rock\zihL322yBqQvYvhE.png,zihL322yBqQvYvhE.png,rock,1,train
C:\Users\pedse\Desktop\DIPagrindai\lab3\images\scissors\SWoqkY88y24jzfHP.png,SWoqkY88y24jzfHP.png,scissors,2,train
C:\Users\pedse\Desktop\DIPagrindai\lab3\images\scissors\PsPaUu1XDiYpp92z.png,PsPaUu1XDiYpp92z.png,scissors,2,train
C:\Users\pedse\Desktop\DIPagrindai\lab3\images\paper\YEGCpdShhdOdneq4.png,YEGCpdShhdOdneq4.png,paper,0,train
C:\Users\pedse\Desktop\DIPagrindai\lab3\images\paper\PaZSkEO4jbBp3Hz7.png,PaZSkEO4jbBp3Hz7.png,paper,0,train
C:\Users\pedse\Desktop\DIPagrindai\lab3\images\scissors\dFrcUPZxOwwT04y9.png,dFrcUPZxOwwT04y9.png,scissors,2,train
C:\Users\pedse\Desktop\DIPagrindai\lab3\images\rock\LlDkBm3uklZkHrB0.png,LlDkBm3uklZkHrB0.png,rock,1,train
C:\Users\pedse\Desktop\DIPagrindai\lab3\images\scissors\xKyBoUZHpqSVqTLx.png,xKyBoUZHpqSVqTLx.png,scissors,2,train
C:\Users\pedse\Desktop\DIPagrindai\lab3\images\paper\kVKp9kJji4urjoMs.png,kVKp9kJji4urjoMs.png,paper,0,train
C:\Users\pedse\Desktop\DIPagrindai\lab3\images\scissors\VaVPcDb7mPMQ1gHk.png,VaVPcDb7mPMQ1gHk.png,scissors,2,train
C:\Users\pedse\Desktop\DIPagrindai\lab3\images\rock\jqMSEFiMhpIWzJfe.png,jqMSEFiMhpIWzJfe.png,rock,1,train
C:\Users\pedse\Desktop\DIPagrindai\lab3\images\paper\1fKclJk4eBWOQSR1.png,1fKclJk4eBWOQSR1.png,paper,0,train
C:\Users\pedse\Desktop\DIPagrindai\lab3\images\paper\veIFAtZUg4WYjn3N.png,veIFAtZUg4WYjn3N.png,paper,0,train
C:\Users\pedse\Desktop\DIPagrindai\lab3\images\scissors\1L1n6plr7jlZGirw.png,1L1n6plr7jlZGirw.png,scissors,2,train
C:\Users\pedse\Desktop\DIPagrindai\lab3\images\rock\DEX2gmMwS3fxdi23.png,DEX2gmMwS3fxdi23.png,rock,1,train
C:\Users\pedse\Desktop\DIPagrindai\lab3\images\scissors\n8R1AoBrBUeqH7wZ.png,n8R1AoBrBUeqH7wZ.png,scissors,2,train
C:\Users\pedse\Desktop\DIPagrindai\lab3\images\rock\fa3PZHjdAUZAob3q.png,fa3PZHjdAUZAob3q.png,rock,1,train
C:\Users\pedse\Desktop\DIPagrindai\lab3\images\scissors\L9QKyMsMtrSwJhRa.png,L9QKyMsMtrSwJhRa.png,scissors,2,train
C:\Users\pedse\Desktop\DIPagrindai\lab3\images\scissors\pjOgxx8uZf2XPDFu.png,pjOgxx8uZf2XPDFu.png,scissors,2,train
C:\Users\pedse\Desktop\DIPagrindai\lab3\images\rock\JXD8WyY4cQoEyvtU.png,JXD8WyY4cQoEyvtU.png,rock,1,train
C:\Users\pedse\Desktop\DIPagrindai\lab3\images\scissors\dWIQvO3tVSLw4etp.png,dWIQvO3tVSLw4etp.png,scissors,2,train
C:\Users\pedse\Desktop\DIPagrindai\lab3\images\rock\aWvWsXj1NL19dskm.png,aWvWsXj1NL19dskm.png,rock,1,train
C:\Users\pedse\Desktop\DIPagrindai\lab3\images\scissors\uU7I4uUVN2mDwZpo.png,uU7I4uUVN2mDwZpo.png,scissors,2,train
C:\Users\pedse\Desktop\DIPagrindai\lab3\images\paper\54xah1BB0YTQS3Ib.png,54xah1BB0YTQS3Ib.png,paper,0,train
C:\Users\pedse\Desktop\DIPagrindai\lab3\images\rock\OavUnCwAEACzIK0A.png,OavUnCwAEACzIK0A.png,rock,1,train
C:\Users\pedse\Desktop\DIPagrindai\lab3\images\scissors\NR48QMe5e1gskpA9.png,NR48QMe5e1gskpA9.png,scissors,2,train
C:\Users\pedse\Desktop\DIPagrindai\lab3\images\scissors\fdVS2hjaLlbu5u8J.png,fdVS2hjaLlbu5u8J.png,scissors,2,train
C:\Users\pedse\Desktop\DIPagrindai\lab3\images\rock\LzPap5344J7kKj2P.png,LzPap5344J7kKj2P.png,rock,1,train
C:\Users\pedse\Desktop\DIPagrindai\lab3\images\rock\BFVK8zqyFZ9SFqm4.png,BFVK8zqyFZ9SFqm4.png,rock,1,train
C:\Users\pedse\Desktop\DIPagrindai\lab3\images\scissors\rtrnZkXYASc50OOJ.png,rtrnZkXYASc50OOJ.png,scissors,2,train
C:\Users\pedse\Desktop\DIPagrindai\lab3\images\rock\aFWGfqQgf0jt1h7g.png,aFWGfqQgf0jt1h7g.png,rock,1,train
C:\Users\pedse\Desktop\DIPagrindai\lab3\images\scissors\TUB0nmtfE8SZjEzL.png,TUB0nmtfE8SZjEzL.png,scissors,2,train
C:\Users\pedse\Desktop\DIPagrindai\lab3\images\rock\EvpZ7BPu3bibrvM2.png,EvpZ7BPu3bibrvM2.png,rock,1,train
C:\Users\pedse\Desktop\DIPagrindai\lab3\images\rock\HTlhfHf6CMkGBrlh.png,HTlhfHf6CMkGBrlh.png,rock,1,train
C:\Users\pedse\Desktop\DIPagrindai\lab3\images\rock\JmcPS1QNxo3NDlk0.png,JmcPS1QNxo3NDlk0.png,rock,1,train
C:\Users\pedse\Desktop\DIPagrindai\lab3\images\scissors\SJCguzLeVcfuZ2OA.png,SJCguzLeVcfuZ2OA.png,scissors,2,train
C:\Users\pedse\Desktop\DIPagrindai\lab3\images\paper\hHY3BbYoVFjLEsbd.png,hHY3BbYoVFjLEsbd.png,paper,0,train
C:\Users\pedse\Desktop\DIPagrindai\lab3\images\paper\x3z3E6Z2qsmW8TaH.png,x3z3E6Z2qsmW8TaH.png,paper,0,train
C:\Users\pedse\Desktop\DIPagrindai\lab3\images\rock\xPuMzxjXPJpLuCsl.png,xPuMzxjXPJpLuCsl.png,rock,1,train
C:\Users\pedse\Desktop\DIPagrindai\lab3\images\scissors\kM3ks8HWMjhbBPWU.png,kM3ks8HWMjhbBPWU.png,scissors,2,train
C:\Users\pedse\Desktop\DIPagrindai\lab3\images\paper\8NNPWO3e2oNq8lg9.png,8NNPWO3e2oNq8lg9.png,paper,0,train
C:\Users\pedse\Desktop\DIPagrindai\lab3\images\rock\8pAWVg9BVmtha8LM.png,8pAWVg9BVmtha8LM.png,rock,1,train
C:\Users\pedse\Desktop\DIPagrindai\lab3\images\rock\4iN0sQcmcukBN652.png,4iN0sQcmcukBN652.png,rock,1,train
C:\Users\pedse\Desktop\DIPagrindai\lab3\images\paper\JQaNQ7LsPy3cY23Q.png,JQaNQ7LsPy3cY23Q.png,paper,0,train
C:\Users\pedse\Desktop\DIPagrindai\lab3\images\paper\g028Qv0lVlEbKi1q.png,g028Qv0lVlEbKi1q.png,paper,0,train
C:\Users\pedse\Desktop\DIPagrindai\lab3\images\rock\ad5rtBQRrXNma3u9.png,ad5rtBQRrXNma3u9.png,rock,1,train
C:\Users\pedse\Desktop\DIPagrindai\lab3\images\paper\2OCAZGNv2OEzgAwU.png,2OCAZGNv2OEzgAwU.png,paper,0,train
C:\Users\pedse\Desktop\DIPagrindai\lab3\images\rock\rgLz5OE0s6JRcfiu.png,rgLz5OE0s6JRcfiu.png,rock,1,train
C:\Users\pedse\Desktop\DIPagrindai\lab3\images\scissors\ejWJ6Ber6qqXnuag.png,ejWJ6Ber6qqXnuag.png,scissors,2,train
C:\Users\pedse\Desktop\DIPagrindai\lab3\images\paper\4fCqIVTEuFLsQMaZ.png,4fCqIVTEuFLsQMaZ.png,paper,0,train
C:\Users\pedse\Desktop\DIPagrindai\lab3\images\rock\r87DASz5okmR0fnI.png,r87DASz5okmR0fnI.png,rock,1,train
C:\Users\pedse\Desktop\DIPagrindai\lab3\images\paper\HarpXSxVfoAJ9cFe.png,HarpXSxVfoAJ9cFe.png,paper,0,train
C:\Users\pedse\Desktop\DIPagrindai\lab3\images\scissors\3kVoftgTNdDcvPPY.png,3kVoftgTNdDcvPPY.png,scissors,2,train
C:\Users\pedse\Desktop\DIPagrindai\lab3\images\rock\MhOAtto6kcc8xsKr.png,MhOAtto6kcc8xsKr.png,rock,1,train
C:\Users\pedse\Desktop\DIPagrindai\lab3\images\paper\AqNY2b7NX9Ce3CjZ.png,AqNY2b7NX9Ce3CjZ.png,paper,0,train
C:\Users\pedse\Desktop\DIPagrindai\lab3\images\scissors\FSJKz70kgKxJyjjl.png,FSJKz70kgKxJyjjl.png,scissors,2,train
C:\Users\pedse\Desktop\DIPagrindai\lab3\images\paper\ZnuLAMdyI9xJCcKE.png,ZnuLAMdyI9xJCcKE.png,paper,0,train
C:\Users\pedse\Desktop\DIPagrindai\lab3\images\paper\vPvoQzBR7Paf5Jml.png,vPvoQzBR7Paf5Jml.png,paper,0,train
C:\Users\pedse\Desktop\DIPagrindai\lab3\images\paper\RqdXcCyqmXMxSDxn.png,RqdXcCyqmXMxSDxn.png,paper,0,train
C:\Users\pedse\Desktop\DIPagrindai\lab3\images\scissors\vMAludIRGF14FuGn.png,vMAludIRGF14FuGn.png,scissors,2,train
C:\Users\pedse\Desktop\DIPagrindai\lab3\images\scissors\nIwv11WKj5Ch85mv.png,nIwv11WKj5Ch85mv.png,scissors,2,train
C:\Users\pedse\Desktop\DIPagrindai\lab3\images\scissors\mtLouezQUnTbfEgj.png,mtLouezQUnTbfEgj.png,scissors,2,train
C:\Users\pedse\Desktop\DIPagrindai\lab3\images\scissors\RZpLPA2iKiZ2GXR9.png,RZpLPA2iKiZ2GXR9.png,scissors,2,train
C:\Users\pedse\Desktop\DIPagrindai\lab3\images\rock\xxUPxq2BY6NvCmP2.png,xxUPxq2BY6NvCmP2.png,rock,1,train
C:\Users\pedse\Desktop\DIPagrindai\lab3\images\rock\r0xQoW6iQbPig3jf.png,r0xQoW6iQbPig3jf.png,rock,1,train
C:\Users\pedse\Desktop\DIPagrindai\lab3\images\scissors\c5vx49tv1qUAH19T.png,c5vx49tv1qUAH19T.png,scissors,2,train
C:\Users\pedse\Desktop\DIPagrindai\lab3\images\rock\nQ7DM3VMBj0NdM0u.png,nQ7DM3VMBj0NdM0u.png,rock,1,train
C:\Users\pedse\Desktop\DIPagrindai\lab3\images\rock\FVTXzNJQnU231QXO.png,FVTXzNJQnU231QXO.png,rock,1,train
C:\Users\pedse\Desktop\DIPagrindai\lab3\images\paper\sZyZICXHv0ArIZFw.png,sZyZICXHv0ArIZFw.png,paper,0,train
C:\Users\pedse\Desktop\DIPagrindai\lab3\images\paper\3YvRoN0ZGuXVWEbh.png,3YvRoN0ZGuXVWEbh.png,paper,0,train
C:\Users\pedse\Desktop\DIPagrindai\lab3\images\paper\aJeRqPY3UVBErDTY.png,aJeRqPY3UVBErDTY.png,paper,0,train
C:\Users\pedse\Desktop\DIPagrindai\lab3\images\rock\EQDfrFWZluld6aKP.png,EQDfrFWZluld6aKP.png,rock,1,train
C:\Users\pedse\Desktop\DIPagrindai\lab3\images\scissors\ttGVYechgB3WAlum.png,ttGVYechgB3WAlum.png,scissors,2,train
C:\Users\pedse\Desktop\DIPagrindai\lab3\images\paper\9xyvz1JbPwNqtLgH.png,9xyvz1JbPwNqtLgH.png,paper,0,train
C:\Users\pedse\Desktop\DIPagrindai\lab3\images\paper\XCoWpNiWscJm476F.png,XCoWpNiWscJm476F.png,paper,0,train
C:\Users\pedse\Desktop\DIPagrindai\lab3\images\rock\UJ1D4UeUI0pnDG5h.png,UJ1D4UeUI0pnDG5h.png,rock,1,train
C:\Users\pedse\Desktop\DIPagrindai\lab3\images\scissors\LNyVq7Qg9M0S6RMZ.png,LNyVq7Qg9M0S6RMZ.png,scissors,2,train
C:\Users\pedse\Desktop\DIPagrindai\lab3\images\scissors\yUG4uvp1tvCVbLlk.png,yUG4uvp1tvCVbLlk.png,scissors,2,train
C:\Users\pedse\Desktop\DIPagrindai\lab3\images\rock\Yux1PtSfRvXafFLT.png,Yux1PtSfRvXafFLT.png,rock,1,train
C:\Users\pedse\Desktop\DIPagrindai\lab3\images\scissors\46fOqpoVsNjc9m9m.png,46fOqpoVsNjc9m9m.png,scissors,2,train
C:\Users\pedse\Desktop\DIPagrindai\lab3\images\scissors\T6IiF7nWO9Tf0adD.png,T6IiF7nWO9Tf0adD.png,scissors,2,train
C:\Users\pedse\Desktop\DIPagrindai\lab3\images\rock\Jr45GnbiZqBa7TLX.png,Jr45GnbiZqBa7TLX.png,rock,1,train
C:\Users\pedse\Desktop\DIPagrindai\lab3\images\paper\B6dJfDThlXx80Uk6.png,B6dJfDThlXx80Uk6.png,paper,0,train
C:\Users\pedse\Desktop\DIPagrindai\lab3\images\scissors\JSDICtLrQIEXhPy5.png,JSDICtLrQIEXhPy5.png,scissors,2,train
C:\Users\pedse\Desktop\DIPagrindai\lab3\images\paper\lxWEYgTaWJSoYSiD.png,lxWEYgTaWJSoYSiD.png,paper,0,train
C:\Users\pedse\Desktop\DIPagrindai\lab3\images\rock\whv9ZooPZNEjStCk.png,whv9ZooPZNEjStCk.png,rock,1,train
C:\Users\pedse\Desktop\DIPagrindai\lab3\images\rock\LF4yf48q3qRLLZNS.png,LF4yf48q3qRLLZNS.png,rock,1,train
C:\Users\pedse\Desktop\DIPagrindai\lab3\images\scissors\BpCDUnGgYRS4T8IG.png,BpCDUnGgYRS4T8IG.png,scissors,2,train
C:\Users\pedse\Desktop\DIPagrindai\lab3\images\scissors\SiIASaSafeaodwOd.png,SiIASaSafeaodwOd.png,scissors,2,train
C:\Users\pedse\Desktop\DIPagrindai\lab3\images\paper\UN3iCDyiEIteIMdx.png,UN3iCDyiEIteIMdx.png,paper,0,train
C:\Users\pedse\Desktop\DIPagrindai\lab3\images\paper\pHx4pvFv4zXPDI1w.png,pHx4pvFv4zXPDI1w.png,paper,0,train
C:\Users\pedse\Desktop\DIPagrindai\lab3\images\rock\Jg78GVOKbbyQchWq.png,Jg78GVOKbbyQchWq.png,rock,1,train
C:\Users\pedse\Desktop\DIPagrindai\lab3\images\rock\2O9XPBJRT119drWX.png,2O9XPBJRT119drWX.png,rock,1,train
C:\Users\pedse\Desktop\DIPagrindai\lab3\images\scissors\9r4WuhdqPmffGmPA.png,9r4WuhdqPmffGmPA.png,scissors,2,train
C:\Users\pedse\Desktop\DIPagrindai\lab3\images\rock\1e1VCnCEApnFh9Oo.png,1e1VCnCEApnFh9Oo.png,rock,1,train
C:\Users\pedse\Desktop\DIPagrindai\lab3\images\paper\IXh9BTFQQ6AIaBpr.png,IXh9BTFQQ6AIaBpr.png,paper,0,train
C:\Users\pedse\Desktop\DIPagrindai\lab3\images\paper\VD4twqBeFDIHSovy.png,VD4twqBeFDIHSovy.png,paper,0,train
C:\Users\pedse\Desktop\DIPagrindai\lab3\images\rock\ZUROGMkonFX6dWC9.png,ZUROGMkonFX6dWC9.png,rock,1,train
C:\Users\pedse\Desktop\DIPagrindai\lab3\images\rock\rLOijBMEYIaQOL2x.png,rLOijBMEYIaQOL2x.png,rock,1,train
C:\Users\pedse\Desktop\DIPagrindai\lab3\images\scissors\YXMdBr7G2GS6sN1v.png,YXMdBr7G2GS6sN1v.png,scissors,2,train
C:\Users\pedse\Desktop\DIPagrindai\lab3\images\rock\N3pHY9fO1y0jdeVu.png,N3pHY9fO1y0jdeVu.png,rock,1,train
C:\Users\pedse\Desktop\DIPagrindai\lab3\images\paper\PbqPTUSB4HxBVDZZ.png,PbqPTUSB4HxBVDZZ.png,paper,0,train
C:\Users\pedse\Desktop\DIPagrindai\lab3\images\rock\545XFudcV0UlnH2Y.png,545XFudcV0UlnH2Y.png,rock,1,train
C:\Users\pedse\Desktop\DIPagrindai\lab3\images\rock\qT0oCJChnoVWNqC1.png,qT0oCJChnoVWNqC1.png,rock,1,train
C:\Users\pedse\Desktop\DIPagrindai\lab3\images\paper\6q2PxM8Kk16UxoMY.png,6q2PxM8Kk16UxoMY.png,paper,0,train
C:\Users\pedse\Desktop\DIPagrindai\lab3\images\scissors\FP1L4Ax4XDmqP2QB.png,FP1L4Ax4XDmqP2QB.png,scissors,2,train
C:\Users\pedse\Desktop\DIPagrindai\lab3\images\rock\S9iRciyZ0OktMu7s.png,S9iRciyZ0OktMu7s.png,rock,1,train
C:\Users\pedse\Desktop\DIPagrindai\lab3\images\rock\XqR9QAFi9qQMUdw2.png,XqR9QAFi9qQMUdw2.png,rock,1,train
C:\Users\pedse\Desktop\DIPagrindai\lab3\images\paper\oKx22gb6XjI0aXHR.png,oKx22gb6XjI0aXHR.png,paper,0,train
C:\Users\pedse\Desktop\DIPagrindai\lab3\images\paper\HbBcQItQ6d5yMDqL.png,HbBcQItQ6d5yMDqL.png,paper,0,train
C:\Users\pedse\Desktop\DIPagrindai\lab3\images\scissors\ru1tyCfPe2JmorzL.png,ru1tyCfPe2JmorzL.png,scissors,2,train
C:\Users\pedse\Desktop\DIPagrindai\lab3\images\rock\xqCLaIfsVBFNf63M.png,xqCLaIfsVBFNf63M.png,rock,1,train
C:\Users\pedse\Desktop\DIPagrindai\lab3\images\rock\zdNuxse3BvJK3s6Q.png,zdNuxse3BvJK3s6Q.png,rock,1,train
C:\Users\pedse\Desktop\DIPagrindai\lab3\images\paper\qWHWCHG7exZiCfdq.png,qWHWCHG7exZiCfdq.png,paper,0,train
C:\Users\pedse\Desktop\DIPagrindai\lab3\images\paper\dmT5g2m3meABNfCJ.png,dmT5g2m3meABNfCJ.png,paper,0,train
C:\Users\pedse\Desktop\DIPagrindai\lab3\images\scissors\CPRUyuzmPTO8JrEp.png,CPRUyuzmPTO8JrEp.png,scissors,2,train
C:\Users\pedse\Desktop\DIPagrindai\lab3\images\rock\f48wzqwquNrvjICP.png,f48wzqwquNrvjICP.png,rock,1,train
C:\Users\pedse\Desktop\DIPagrindai\lab3\images\rock\DHqDt7x3dw4jZmp9.png,DHqDt7x3dw4jZmp9.png,rock,1,train
C:\Users\pedse\Desktop\DIPagrindai\lab3\images\scissors\YaRYYDirKENPeJcS.png,YaRYYDirKENPeJcS.png,scissors,2,train
C:\Users\pedse\Desktop\DIPagrindai\lab3\images\rock\ncO6qnqxGiA1sJrP.png,ncO6qnqxGiA1sJrP.png,rock,1,train
C:\Users\pedse\Desktop\DIPagrindai\lab3\images\scissors\jrogjyPvn83c1ZRy.png,jrogjyPvn83c1ZRy.png,scissors,2,train
C:\Users\pedse\Desktop\DIPagrindai\lab3\images\rock\3XNPuMFoaFCfRCVb.png,3XNPuMFoaFCfRCVb.png,rock,1,train
C:\Users\pedse\Desktop\DIPagrindai\lab3\images\scissors\i0pYFjwidPeBL3je.png,i0pYFjwidPeBL3je.png,scissors,2,train
C:\Users\pedse\Desktop\DIPagrindai\lab3\images\scissors\9wjorYJt2c8t6y5Q.png,9wjorYJt2c8t6y5Q.png,scissors,2,train
C:\Users\pedse\Desktop\DIPagrindai\lab3\images\scissors\EesxTpYzhZoMVlH8.png,EesxTpYzhZoMVlH8.png,scissors,2,train
C:\Users\pedse\Desktop\DIPagrindai\lab3\images\scissors\Osm4O4K7sdFOSiRk.png,Osm4O4K7sdFOSiRk.png,scissors,2,train
C:\Users\pedse\Desktop\DIPagrindai\lab3\images\scissors\r0rDY3jRgJB5q9MX.png,r0rDY3jRgJB5q9MX.png,scissors,2,train
C:\Users\pedse\Desktop\DIPagrindai\lab3\images\rock\IRSnSZdAUmx8ZVkD.png,IRSnSZdAUmx8ZVkD.png,rock,1,train
C:\Users\pedse\Desktop\DIPagrindai\lab3\images\rock\mJ0RjteYaLfYLE9P.png,mJ0RjteYaLfYLE9P.png,rock,1,train
C:\Users\pedse\Desktop\DIPagrindai\lab3\images\rock\DBvjNfYD7dv2f3gw.png,DBvjNfYD7dv2f3gw.png,rock,1,train
C:\Users\pedse\Desktop\DIPagrindai\lab3\images\rock\rZ3CYuMZgTELnLxc.png,rZ3CYuMZgTELnLxc.png,rock,1,train
C:\Users\pedse\Desktop\DIPagrindai\lab3\images\rock\yC1FoVJ7cUxIEfBc.png,yC1FoVJ7cUxIEfBc.png,rock,1,train
C:\Users\pedse\Desktop\DIPagrindai\lab3\images\paper\hu3OxByp0O4KCJft.png,hu3OxByp0O4KCJft.png,paper,0,train
C:\Users\pedse\Desktop\DIPagrindai\lab3\images\paper\TlnoQ46NyW8oZV07.png,TlnoQ46NyW8oZV07.png,paper,0,train
C:\Users\pedse\Desktop\DIPagrindai\lab3\images\rock\XRzyLHESg63okg01.png,XRzyLHESg63okg01.png,rock,1,train
C:\Users\pedse\Desktop\DIPagrindai\lab3\images\scissors\F0440RDr6eKJusnY.png,F0440RDr6eKJusnY.png,scissors,2,train
C:\Users\pedse\Desktop\DIPagrindai\lab3\images\scissors\pJix3Ef2BAOt7yAz.png,pJix3Ef2BAOt7yAz.png,scissors,2,train
C:\Users\pedse\Desktop\DIPagrindai\lab3\images\paper\v4pz2TAsHhtNtTAH.png,v4pz2TAsHhtNtTAH.png,paper,0,train
C:\Users\pedse\Desktop\DIPagrindai\lab3\images\rock\AuO0jNEKCbMzb7Xf.png,AuO0jNEKCbMzb7Xf.png,rock,1,train
C:\Users\pedse\Desktop\DIPagrindai\lab3\images\scissors\FAgOt7E8exiEn1fa.png,FAgOt7E8exiEn1fa.png,scissors,2,train
C:\Users\pedse\Desktop\DIPagrindai\lab3\images\rock\jKWUHfF0b4BzWBEk.png,jKWUHfF0b4BzWBEk.png,rock,1,train
C:\Users\pedse\Desktop\DIPagrindai\lab3\images\rock\WRIlJop0nm7zZfg3.png,WRIlJop0nm7zZfg3.png,rock,1,train
C:\Users\pedse\Desktop\DIPagrindai\lab3\images\paper\r9sXHEyVJVCtshSA.png,r9sXHEyVJVCtshSA.png,paper,0,train
C:\Users\pedse\Desktop\DIPagrindai\lab3\images\scissors\xOdLJOH2sxWkgRTS.png,xOdLJOH2sxWkgRTS.png,scissors,2,train
C:\Users\pedse\Desktop\DIPagrindai\lab3\images\scissors\mIFCv2K3nBdTMjku.png,mIFCv2K3nBdTMjku.png,scissors,2,train
C:\Users\pedse\Desktop\DIPagrindai\lab3\images\scissors\7zCqi454ijCrPu6H.png,7zCqi454ijCrPu6H.png,scissors,2,train
C:\Users\pedse\Desktop\DIPagrindai\lab3\images\paper\YrEfjld9tYk0b9m9.png,YrEfjld9tYk0b9m9.png,paper,0,train
C:\Users\pedse\Desktop\DIPagrindai\lab3\images\rock\724DhutGELMHY1uD.png,724DhutGELMHY1uD.png,rock,1,train
C:\Users\pedse\Desktop\DIPagrindai\lab3\images\paper\wYsHIJDvNLDvn4m7.png,wYsHIJDvNLDvn4m7.png,paper,0,train
C:\Users\pedse\Desktop\DIPagrindai\lab3\images\scissors\CmzQ1oRM0ei850Wl.png,CmzQ1oRM0ei850Wl.png,scissors,2,train
C:\Users\pedse\Desktop\DIPagrindai\lab3\images\paper\Q8idpb4gCSAWs9YH.png,Q8idpb4gCSAWs9YH.png,paper,0,train
C:\Users\pedse\Desktop\DIPagrindai\lab3\images\scissors\mrWRR4bVPDvIIg7D.png,mrWRR4bVPDvIIg7D.png,scissors,2,train
C:\Users\pedse\Desktop\DIPagrindai\lab3\images\scissors\XrNTSnUh9OxytAYI.png,XrNTSnUh9OxytAYI.png,scissors,2,train
C:\Users\pedse\Desktop\DIPagrindai\lab3\images\paper\dftjUImANb0Q9pMA.png,dftjUImANb0Q9pMA.png,paper,0,train
C:\Users\pedse\Desktop\DIPagrindai\lab3\images\rock\fK7m8vZQS1RUHcMr.png,fK7m8vZQS1RUHcMr.png,rock,1,train
C:\Users\pedse\Desktop\DIPagrindai\lab3\images\scissors\mfrG6yVMg6CEzoCN.png,mfrG6yVMg6CEzoCN.png,scissors,2,train
C:\Users\pedse\Desktop\DIPagrindai\lab3\images\scissors\ErsQcWAahNPYPZs5.png,ErsQcWAahNPYPZs5.png,scissors,2,train
C:\Users\pedse\Desktop\DIPagrindai\lab3\images\paper\l7pEq6tQKyUNL3GN.png,l7pEq6tQKyUNL3GN.png,paper,0,train
C:\Users\pedse\Desktop\DIPagrindai\lab3\images\paper\Xr1e0JehAkRxNzTj.png,Xr1e0JehAkRxNzTj.png,paper,0,train
C:\Users\pedse\Desktop\DIPagrindai\lab3\images\rock\ktvHAgLHY7YAY1Af.png,ktvHAgLHY7YAY1Af.png,rock,1,train
C:\Users\pedse\Desktop\DIPagrindai\lab3\images\paper\BoMfAmQYWtoiGHBV.png,BoMfAmQYWtoiGHBV.png,paper,0,train
C:\Users\pedse\Desktop\DIPagrindai\lab3\images\paper\C7zCG474LseZgn8o.png,C7zCG474LseZgn8o.png,paper,0,train
C:\Users\pedse\Desktop\DIPagrindai\lab3\images\scissors\MFG70ohG4iZ3xm3b.png,MFG70ohG4iZ3xm3b.png,scissors,2,train
C:\Users\pedse\Desktop\DIPagrindai\lab3\images\scissors\tZYSEIgQN7PZ31tk.png,tZYSEIgQN7PZ31tk.png,scissors,2,train
C:\Users\pedse\Desktop\DIPagrindai\lab3\images\scissors\KAXMiWZQIm1n1Hji.png,KAXMiWZQIm1n1Hji.png,scissors,2,train
C:\Users\pedse\Desktop\DIPagrindai\lab3\images\paper\eaOtD5yLQHTuFTz3.png,eaOtD5yLQHTuFTz3.png,paper,0,train
C:\Users\pedse\Desktop\DIPagrindai\lab3\images\rock\EcChvTuoNsCzjFUQ.png,EcChvTuoNsCzjFUQ.png,rock,1,train
C:\Users\pedse\Desktop\DIPagrindai\lab3\images\rock\4QtEaLUAuzeJZKdK.png,4QtEaLUAuzeJZKdK.png,rock,1,train
C:\Users\pedse\Desktop\DIPagrindai\lab3\images\paper\OEFttKrmyc4bGb54.png,OEFttKrmyc4bGb54.png,paper,0,train
C:\Users\pedse\Desktop\DIPagrindai\lab3\images\rock\rGh56uZVxk2MZLWF.png,rGh56uZVxk2MZLWF.png,rock,1,train
C:\Users\pedse\Desktop\DIPagrindai\lab3\images\rock\GRUlZRON6TdcmAOe.png,GRUlZRON6TdcmAOe.png,rock,1,train
C:\Users\pedse\Desktop\DIPagrindai\lab3\images\paper\TstngIvuLJt0GIze.png,TstngIvuLJt0GIze.png,paper,0,train
C:\Users\pedse\Desktop\DIPagrindai\lab3\images\rock\yxZyXGFCtnDwavIo.png,yxZyXGFCtnDwavIo.png,rock,1,train
C:\Users\pedse\Desktop\DIPagrindai\lab3\images\scissors\JTbM7M5ZIxA7oFEX.png,JTbM7M5ZIxA7oFEX.png,scissors,2,train
C:\Users\pedse\Desktop\DIPagrindai\lab3\images\paper\JRZTPL2YQ6cfIMh9.png,JRZTPL2YQ6cfIMh9.png,paper,0,train
C:\Users\pedse\Desktop\DIPagrindai\lab3\images\paper\L2oIlMxDTToJYUvV.png,L2oIlMxDTToJYUvV.png,paper,0,train
C:\Users\pedse\Desktop\DIPagrindai\lab3\images\paper\L2S17RtFi8XXp6b8.png,L2S17RtFi8XXp6b8.png,paper,0,train
C:\Users\pedse\Desktop\DIPagrindai\lab3\images\rock\eHSa1nP8bmRToqyG.png,eHSa1nP8bmRToqyG.png,rock,1,train
C:\Users\pedse\Desktop\DIPagrindai\lab3\images\rock\vXU1VEpTIJDKa6kg.png,vXU1VEpTIJDKa6kg.png,rock,1,train
C:\Users\pedse\Desktop\DIPagrindai\lab3\images\rock\Kp9F0tIiHIT310h6.png,Kp9F0tIiHIT310h6.png,rock,1,train
C:\Users\pedse\Desktop\DIPagrindai\lab3\images\paper\XNUalPNmCkHhYk1i.png,XNUalPNmCkHhYk1i.png,paper,0,train
C:\Users\pedse\Desktop\DIPagrindai\lab3\images\scissors\Eolm0Lo5dzVwDYqB.png,Eolm0Lo5dzVwDYqB.png,scissors,2,train
C:\Users\pedse\Desktop\DIPagrindai\lab3\images\rock\gjdBDXv7avQwgTr3.png,gjdBDXv7avQwgTr3.png,rock,1,train
C:\Users\pedse\Desktop\DIPagrindai\lab3\images\paper\FKhLHIIqEsYmoZxy.png,FKhLHIIqEsYmoZxy.png,paper,0,train
C:\Users\pedse\Desktop\DIPagrindai\lab3\images\rock\01dM3ewPIsnBICu1.png,01dM3ewPIsnBICu1.png,rock,1,train
C:\Users\pedse\Desktop\DIPagrindai\lab3\images\paper\9yGlnLxGtzq1gJti.png,9yGlnLxGtzq1gJti.png,paper,0,train
C:\Users\pedse\Desktop\DIPagrindai\lab3\images\paper\axwcCc4rC8ySUtML.png,axwcCc4rC8ySUtML.png,paper,0,train
C:\Users\pedse\Desktop\DIPagrindai\lab3\images\scissors\s3L79HfHyX9tyTS0.png,s3L79HfHyX9tyTS0.png,scissors,2,train
C:\Users\pedse\Desktop\DIPagrindai\lab3\images\scissors\aK8TLrx71gTLlSXX.png,aK8TLrx71gTLlSXX.png,scissors,2,train
C:\Users\pedse\Desktop\DIPagrindai\lab3\images\scissors\Gr3EpS7AO3KtWTz0.png,Gr3EpS7AO3KtWTz0.png,scissors,2,train
C:\Users\pedse\Desktop\DIPagrindai\lab3\images\rock\V3UaCwHUgn07OTX7.png,V3UaCwHUgn07OTX7.png,rock,1,train
C:\Users\pedse\Desktop\DIPagrindai\lab3\images\paper\QZtii0ogsjl6hxun.png,QZtii0ogsjl6hxun.png,paper,0,train
C:\Users\pedse\Desktop\DIPagrindai\lab3\images\rock\EnikAJKQGkMfX5ax.png,EnikAJKQGkMfX5ax.png,rock,1,train
C:\Users\pedse\Desktop\DIPagrindai\lab3\images\paper\q35FqG8h9VCDbQ1J.png,q35FqG8h9VCDbQ1J.png,paper,0,train
C:\Users\pedse\Desktop\DIPagrindai\lab3\images\paper\4dpYSXpjYbiH9MSq.png,4dpYSXpjYbiH9MSq.png,paper,0,train
C:\Users\pedse\Desktop\DIPagrindai\lab3\images\paper\HvQdmFU7Qzd4SSQ4.png,HvQdmFU7Qzd4SSQ4.png,paper,0,train
C:\Users\pedse\Desktop\DIPagrindai\lab3\images\scissors\1VRzspyXpQ6A2rKy.png,1VRzspyXpQ6A2rKy.png,scissors,2,train
C:\Users\pedse\Desktop\DIPagrindai\lab3\images\scissors\gbGB4caRQYsV8ZcR.png,gbGB4caRQYsV8ZcR.png,scissors,2,train
C:\Users\pedse\Desktop\DIPagrindai\lab3\images\scissors\RhZBWRRTO5Uen1Yp.png,RhZBWRRTO5Uen1Yp.png,scissors,2,train
C:\Users\pedse\Desktop\DIPagrindai\lab3\images\rock\brPQ0E5Gk9L0FHey.png,brPQ0E5Gk9L0FHey.png,rock,1,train
C:\Users\pedse\Desktop\DIPagrindai\lab3\images\scissors\5QHP8zydBsbWyt4T.png,5QHP8zydBsbWyt4T.png,scissors,2,train
C:\Users\pedse\Desktop\DIPagrindai\lab3\images\scissors\J0FIl8T1zObZcenP.png,J0FIl8T1zObZcenP.png,scissors,2,train
C:\Users\pedse\Desktop\DIPagrindai\lab3\images\rock\FPa2M1e589cxIyfR.png,FPa2M1e589cxIyfR.png,rock,1,train
C:\Users\pedse\Desktop\DIPagrindai\lab3\images\scissors\wJNyEIqVDFH8bx5h.png,wJNyEIqVDFH8bx5h.png,scissors,2,train
C:\Users\pedse\Desktop\DIPagrindai\lab3\images\scissors\FayATL4XRpv7AB0y.png,FayATL4XRpv7AB0y.png,scissors,2,train
C:\Users\pedse\Desktop\DIPagrindai\lab3\images\paper\dyHfn1GBYIj195b5.png,dyHfn1GBYIj195b5.png,paper,0,train
C:\Users\pedse\Desktop\DIPagrindai\lab3\images\rock\BOswKcczxw8dC4kY.png,BOswKcczxw8dC4kY.png,rock,1,train
C:\Users\pedse\Desktop\DIPagrindai\lab3\images\paper\C9tAvywdtjDTnllg.png,C9tAvywdtjDTnllg.png,paper,0,train
C:\Users\pedse\Desktop\DIPagrindai\lab3\images\scissors\WGm4eYxzwqkTKaQs.png,WGm4eYxzwqkTKaQs.png,scissors,2,train
C:\Users\pedse\Desktop\DIPagrindai\lab3\images\scissors\mmLhBFvXWgD957XY.png,mmLhBFvXWgD957XY.png,scissors,2,train
C:\Users\pedse\Desktop\DIPagrindai\lab3\images\rock\rHHsm5b1CvmcWT57.png,rHHsm5b1CvmcWT57.png,rock,1,train
C:\Users\pedse\Desktop\DIPagrindai\lab3\images\scissors\ak3LcYS6c0jfzncs.png,ak3LcYS6c0jfzncs.png,scissors,2,train
C:\Users\pedse\Desktop\DIPagrindai\lab3\images\rock\TLbqMqwDrww8CS0p.png,TLbqMqwDrww8CS0p.png,rock,1,train
C:\Users\pedse\Desktop\DIPagrindai\lab3\images\scissors\WoS4fluqoRRsfjle.png,WoS4fluqoRRsfjle.png,scissors,2,train
C:\Users\pedse\Desktop\DIPagrindai\lab3\images\paper\zXY93m62vUNIH4a0.png,zXY93m62vUNIH4a0.png,paper,0,train
C:\Users\pedse\Desktop\DIPagrindai\lab3\images\rock\UDjD30Rke7seRcaD.png,UDjD30Rke7seRcaD.png,rock,1,train
C:\Users\pedse\Desktop\DIPagrindai\lab3\images\paper\0t08v9bAaA0mXGCQ.png,0t08v9bAaA0mXGCQ.png,paper,0,train
C:\Users\pedse\Desktop\DIPagrindai\lab3\images\scissors\qoU2kq8bmOjMY5e0.png,qoU2kq8bmOjMY5e0.png,scissors,2,train
C:\Users\pedse\Desktop\DIPagrindai\lab3\images\rock\ikusbrqDgla4SEas.png,ikusbrqDgla4SEas.png,rock,1,train
C:\Users\pedse\Desktop\DIPagrindai\lab3\images\rock\clIAiFiURAZ36c8y.png,clIAiFiURAZ36c8y.png,rock,1,train
C:\Users\pedse\Desktop\DIPagrindai\lab3\images\paper\14K62H4KG1hg5qiJ.png,14K62H4KG1hg5qiJ.png,paper,0,train
C:\Users\pedse\Desktop\DIPagrindai\lab3\images\scissors\W7ijVLyfVPL2msio.png,W7ijVLyfVPL2msio.png,scissors,2,train
C:\Users\pedse\Desktop\DIPagrindai\lab3\images\scissors\glvH49YVWOtxdOyh.png,glvH49YVWOtxdOyh.png,scissors,2,train
C:\Users\pedse\Desktop\DIPagrindai\lab3\images\scissors\2DEYFsJ27UgVqv3W.png,2DEYFsJ27UgVqv3W.png,scissors,2,train
C:\Users\pedse\Desktop\DIPagrindai\lab3\images\paper\ZBA0HPVlxkCdle5v.png,ZBA0HPVlxkCdle5v.png,paper,0,train
C:\Users\pedse\Desktop\DIPagrindai\lab3\images\scissors\FoYWUBXBw6qO7y0f.png,FoYWUBXBw6qO7y0f.png,scissors,2,train
C:\Users\pedse\Desktop\DIPagrindai\lab3\images\paper\pMQfFsmXAu2xZuUv.png,pMQfFsmXAu2xZuUv.png,paper,0,train
C:\Users\pedse\Desktop\DIPagrindai\lab3\images\rock\QdUOXLvrrFZbV5G6.png,QdUOXLvrrFZbV5G6.png,rock,1,train
C:\Users\pedse\Desktop\DIPagrindai\lab3\images\rock\D7Ykcj1tYAannu8h.png,D7Ykcj1tYAannu8h.png,rock,1,train
C:\Users\pedse\Desktop\DIPagrindai\lab3\images\scissors\uMy6gyGTY6epng27.png,uMy6gyGTY6epng27.png,scissors,2,train
C:\Users\pedse\Desktop\DIPagrindai\lab3\images\rock\U3EwYhdeoTjy3xBf.png,U3EwYhdeoTjy3xBf.png,rock,1,train
C:\Users\pedse\Desktop\DIPagrindai\lab3\images\rock\cJOgpmKKBSPdPSeD.png,cJOgpmKKBSPdPSeD.png,rock,1,train
C:\Users\pedse\Desktop\DIPagrindai\lab3\images\rock\UCZq5Q5ovMiGJLwX.png,UCZq5Q5ovMiGJLwX.png,rock,1,train
C:\Users\pedse\Desktop\DIPagrindai\lab3\images\paper\MJAUydLSEPqZHwPz.png,MJAUydLSEPqZHwPz.png,paper,0,train
C:\Users\pedse\Desktop\DIPagrindai\lab3\images\scissors\XpFaeZAqFUqqJ85b.png,XpFaeZAqFUqqJ85b.png,scissors,2,train
C:\Users\pedse\Desktop\DIPagrindai\lab3\images\paper\qs7Zi0icFErU0fsZ.png,qs7Zi0icFErU0fsZ.png,paper,0,train
C:\Users\pedse\Desktop\DIPagrindai\lab3\images\rock\lN7rUXL8DBzW1KoR.png,lN7rUXL8DBzW1KoR.png,rock,1,train
C:\Users\pedse\Desktop\DIPagrindai\lab3\images\paper\2SldJqjiZwIVPef9.png,2SldJqjiZwIVPef9.png,paper,0,train
C:\Users\pedse\Desktop\DIPagrindai\lab3\images\paper\Lwd11NDu17odCiv7.png,Lwd11NDu17odCiv7.png,paper,0,train
C:\Users\pedse\Desktop\DIPagrindai\lab3\images\paper\4bkmUMq0wOXElBIl.png,4bkmUMq0wOXElBIl.png,paper,0,train
C:\Users\pedse\Desktop\DIPagrindai\lab3\images\scissors\GErhi3nROcOcubPG.png,GErhi3nROcOcubPG.png,scissors,2,train
C:\Users\pedse\Desktop\DIPagrindai\lab3\images\paper\ib30bLCbBl0mKWko.png,ib30bLCbBl0mKWko.png,paper,0,train
C:\Users\pedse\Desktop\DIPagrindai\lab3\images\rock\iVsm6EbRk1J1cEGN.png,iVsm6EbRk1J1cEGN.png,rock,1,train
C:\Users\pedse\Desktop\DIPagrindai\lab3\images\paper\IkSLcJtq4O6iBmE4.png,IkSLcJtq4O6iBmE4.png,paper,0,train
C:\Users\pedse\Desktop\DIPagrindai\lab3\images\scissors\fIryCS56DD4INQKz.png,fIryCS56DD4INQKz.png,scissors,2,train
C:\Users\pedse\Desktop\DIPagrindai\lab3\images\paper\rSRKkten7Ffx6bEj.png,rSRKkten7Ffx6bEj.png,paper,0,train
C:\Users\pedse\Desktop\DIPagrindai\lab3\images\paper\vfKiFjWIK9JKHxLn.png,vfKiFjWIK9JKHxLn.png,paper,0,train
C:\Users\pedse\Desktop\DIPagrindai\lab3\images\paper\tUAXecVWvaYBm4s4.png,tUAXecVWvaYBm4s4.png,paper,0,train
C:\Users\pedse\Desktop\DIPagrindai\lab3\images\paper\U5WsclDnMxnOTgGT.png,U5WsclDnMxnOTgGT.png,paper,0,train
C:\Users\pedse\Desktop\DIPagrindai\lab3\images\rock\hTzQIKUtmllw7je8.png,hTzQIKUtmllw7je8.png,rock,1,train
C:\Users\pedse\Desktop\DIPagrindai\lab3\images\scissors\7M6QmAbgSaXFX9ES.png,7M6QmAbgSaXFX9ES.png,scissors,2,train
C:\Users\pedse\Desktop\DIPagrindai\lab3\images\scissors\4E0THAnIciVeLK79.png,4E0THAnIciVeLK79.png,scissors,2,train
C:\Users\pedse\Desktop\DIPagrindai\lab3\images\paper\9qKKOliWXD7oDZOd.png,9qKKOliWXD7oDZOd.png,paper,0,train
C:\Users\pedse\Desktop\DIPagrindai\lab3\images\scissors\dnXr5NzZKqzg8VgI.png,dnXr5NzZKqzg8VgI.png,scissors,2,train
C:\Users\pedse\Desktop\DIPagrindai\lab3\images\scissors\zepzkaBk60xgpP3C.png,zepzkaBk60xgpP3C.png,scissors,2,train
C:\Users\pedse\Desktop\DIPagrindai\lab3\images\rock\oGRxysPJ1UwCl0Oh.png,oGRxysPJ1UwCl0Oh.png,rock,1,train
C:\Users\pedse\Desktop\DIPagrindai\lab3\images\paper\qZX4Zcms0Ffpe8v7.png,qZX4Zcms0Ffpe8v7.png,paper,0,train
C:\Users\pedse\Desktop\DIPagrindai\lab3\images\paper\orYuZ7NeWdENNt7D.png,orYuZ7NeWdENNt7D.png,paper,0,train
C:\Users\pedse\Desktop\DIPagrindai\lab3\images\paper\yPnREvUeAGYRKi7V.png,yPnREvUeAGYRKi7V.png,paper,0,train
C:\Users\pedse\Desktop\DIPagrindai\lab3\images\rock\4yPN1zUFqW6ROTgq.png,4yPN1zUFqW6ROTgq.png,rock,1,train
C:\Users\pedse\Desktop\DIPagrindai\lab3\images\rock\Q2rRUGWBDy47XucJ.png,Q2rRUGWBDy47XucJ.png,rock,1,train
C:\Users\pedse\Desktop\DIPagrindai\lab3\images\rock\cWKDIx5D1KB0zqjF.png,cWKDIx5D1KB0zqjF.png,rock,1,train
C:\Users\pedse\Desktop\DIPagrindai\lab3\images\scissors\jL3CMVgsLdWznnKe.png,jL3CMVgsLdWznnKe.png,scissors,2,train
C:\Users\pedse\Desktop\DIPagrindai\lab3\images\paper\AjwddXm0ttm7Ts5J.png,AjwddXm0ttm7Ts5J.png,paper,0,train
C:\Users\pedse\Desktop\DIPagrindai\lab3\images\paper\0Uomd0HvOB33m47I.png,0Uomd0HvOB33m47I.png,paper,0,train
C:\Users\pedse\Desktop\DIPagrindai\lab3\images\rock\Shr7grl23ISlh4Yu.png,Shr7grl23ISlh4Yu.png,rock,1,train
C:\Users\pedse\Desktop\DIPagrindai\lab3\images\rock\GQjExZ14HfbKjnEp.png,GQjExZ14HfbKjnEp.png,rock,1,train
C:\Users\pedse\Desktop\DIPagrindai\lab3\images\rock\ZeANrD34jghq5aPt.png,ZeANrD34jghq5aPt.png,rock,1,train
C:\Users\pedse\Desktop\DIPagrindai\lab3\images\rock\Wn0jBu6LOl5Ei5GN.png,Wn0jBu6LOl5Ei5GN.png,rock,1,train
C:\Users\pedse\Desktop\DIPagrindai\lab3\images\scissors\E5WazBRd4ax2tHs4.png,E5WazBRd4ax2tHs4.png,scissors,2,train
C:\Users\pedse\Desktop\DIPagrindai\lab3\images\paper\UE6Ao0ZqJbQ1R1R5.png,UE6Ao0ZqJbQ1R1R5.png,paper,0,train
C:\Users\pedse\Desktop\DIPagrindai\lab3\images\paper\nnf5jELXQuneoejn.png,nnf5jELXQuneoejn.png,paper,0,train
C:\Users\pedse\Desktop\DIPagrindai\lab3\images\scissors\wT8z7icdMJt816Ix.png,wT8z7icdMJt816Ix.png,scissors,2,train
C:\Users\pedse\Desktop\DIPagrindai\lab3\images\rock\5uXiqEc4q2Vi0NCX.png,5uXiqEc4q2Vi0NCX.png,rock,1,train
C:\Users\pedse\Desktop\DIPagrindai\lab3\images\scissors\Dl9fg6ttVQY9U28G.png,Dl9fg6ttVQY9U28G.png,scissors,2,train
C:\Users\pedse\Desktop\DIPagrindai\lab3\images\rock\7YpH9C6XA1GIbSum.png,7YpH9C6XA1GIbSum.png,rock,1,train
C:\Users\pedse\Desktop\DIPagrindai\lab3\images\rock\fGaDsQT8mUTaytaT.png,fGaDsQT8mUTaytaT.png,rock,1,train
C:\Users\pedse\Desktop\DIPagrindai\lab3\images\scissors\kklrxqhAClWO5J80.png,kklrxqhAClWO5J80.png,scissors,2,train
C:\Users\pedse\Desktop\DIPagrindai\lab3\images\scissors\9ZqjWey4XHP94iRr.png,9ZqjWey4XHP94iRr.png,scissors,2,train
C:\Users\pedse\Desktop\DIPagrindai\lab3\images\scissors\jWUoY57nkFKUUdD5.png,jWUoY57nkFKUUdD5.png,scissors,2,train
C:\Users\pedse\Desktop\DIPagrindai\lab3\images\paper\Miw8prUoiVMVG2D4.png,Miw8prUoiVMVG2D4.png,paper,0,train
C:\Users\pedse\Desktop\DIPagrindai\lab3\images\rock\ALFXBdM6k9V1h3EH.png,ALFXBdM6k9V1h3EH.png,rock,1,train
C:\Users\pedse\Desktop\DIPagrindai\lab3\images\paper\V7gDBwuUctk8myTw.png,V7gDBwuUctk8myTw.png,paper,0,train
C:\Users\pedse\Desktop\DIPagrindai\lab3\images\paper\0RA9rcrv8iVvuDDU.png,0RA9rcrv8iVvuDDU.png,paper,0,train
C:\Users\pedse\Desktop\DIPagrindai\lab3\images\scissors\TxkHaqZ5Mg3Jfs80.png,TxkHaqZ5Mg3Jfs80.png,scissors,2,train
C:\Users\pedse\Desktop\DIPagrindai\lab3\images\paper\ywXiLajxMzhy7BST.png,ywXiLajxMzhy7BST.png,paper,0,train
C:\Users\pedse\Desktop\DIPagrindai\lab3\images\scissors\nfqbRmCrRbEXjgfb.png,nfqbRmCrRbEXjgfb.png,scissors,2,train
C:\Users\pedse\Desktop\DIPagrindai\lab3\images\rock\hi4vWQhDFKyTs4iJ.png,hi4vWQhDFKyTs4iJ.png,rock,1,train
C:\Users\pedse\Desktop\DIPagrindai\lab3\images\scissors\4X8TOCQTfCWnMfm2.png,4X8TOCQTfCWnMfm2.png,scissors,2,train
C:\Users\pedse\Desktop\DIPagrindai\lab3\images\paper\fCX7MPg0xO4QP2Mk.png,fCX7MPg0xO4QP2Mk.png,paper,0,train
C:\Users\pedse\Desktop\DIPagrindai\lab3\images\rock\qUjyvBdP04lUmBkl.png,qUjyvBdP04lUmBkl.png,rock,1,train
C:\Users\pedse\Desktop\DIPagrindai\lab3\images\scissors\KM8TqJbWqew79vPt.png,KM8TqJbWqew79vPt.png,scissors,2,train
C:\Users\pedse\Desktop\DIPagrindai\lab3\images\rock\Xq3zZyHBFpklvwb6.png,Xq3zZyHBFpklvwb6.png,rock,1,train
C:\Users\pedse\Desktop\DIPagrindai\lab3\images\scissors\Xghl7QyFQxkC7zNQ.png,Xghl7QyFQxkC7zNQ.png,scissors,2,train
C:\Users\pedse\Desktop\DIPagrindai\lab3\images\paper\JZ8KCFK6y0Zd87Xl.png,JZ8KCFK6y0Zd87Xl.png,paper,0,train
C:\Users\pedse\Desktop\DIPagrindai\lab3\images\paper\k9d5xaurp8JC9DXp.png,k9d5xaurp8JC9DXp.png,paper,0,train
C:\Users\pedse\Desktop\DIPagrindai\lab3\images\rock\qrKttJhRuVwzKsQM.png,qrKttJhRuVwzKsQM.png,rock,1,train
C:\Users\pedse\Desktop\DIPagrindai\lab3\images\paper\ySmdq2LJmCBQatvr.png,ySmdq2LJmCBQatvr.png,paper,0,train
C:\Users\pedse\Desktop\DIPagrindai\lab3\images\rock\FF2mNwRujDxzozUQ.png,FF2mNwRujDxzozUQ.png,rock,1,train
C:\Users\pedse\Desktop\DIPagrindai\lab3\images\paper\URj0hmH1Y9lNObL9.png,URj0hmH1Y9lNObL9.png,paper,0,train
C:\Users\pedse\Desktop\DIPagrindai\lab3\images\scissors\K06meJWsLavqjfyX.png,K06meJWsLavqjfyX.png,scissors,2,train
C:\Users\pedse\Desktop\DIPagrindai\lab3\images\rock\IQNb5XBjdbYa7A2W.png,IQNb5XBjdbYa7A2W.png,rock,1,train
C:\Users\pedse\Desktop\DIPagrindai\lab3\images\rock\XNzFnFkneYMqJQOF.png,XNzFnFkneYMqJQOF.png,rock,1,train
C:\Users\pedse\Desktop\DIPagrindai\lab3\images\rock\pI8SGhRU1bmqZAcM.png,pI8SGhRU1bmqZAcM.png,rock,1,train
C:\Users\pedse\Desktop\DIPagrindai\lab3\images\rock\TIm7htC6BXzkOitR.png,TIm7htC6BXzkOitR.png,rock,1,train
C:\Users\pedse\Desktop\DIPagrindai\lab3\images\rock\iEYJn6rg6FCcLqQv.png,iEYJn6rg6FCcLqQv.png,rock,1,train
C:\Users\pedse\Desktop\DIPagrindai\lab3\images\rock\KC8RPAtZSyUL0vaR.png,KC8RPAtZSyUL0vaR.png,rock,1,train
C:\Users\pedse\Desktop\DIPagrindai\lab3\images\scissors\iYOrHPwEvEe7rXSL.png,iYOrHPwEvEe7rXSL.png,scissors,2,train
C:\Users\pedse\Desktop\DIPagrindai\lab3\images\rock\cx9zu6O87PURa2ve.png,cx9zu6O87PURa2ve.png,rock,1,train
C:\Users\pedse\Desktop\DIPagrindai\lab3\images\rock\iIaYawwgu5W18LS9.png,iIaYawwgu5W18LS9.png,rock,1,train
C:\Users\pedse\Desktop\DIPagrindai\lab3\images\paper\nmkNauqVsM2JUvok.png,nmkNauqVsM2JUvok.png,paper,0,train
C:\Users\pedse\Desktop\DIPagrindai\lab3\images\scissors\MGEIcCr7BQbB4xrs.png,MGEIcCr7BQbB4xrs.png,scissors,2,train
C:\Users\pedse\Desktop\DIPagrindai\lab3\images\rock\UCkxupMKtpEo5qdk.png,UCkxupMKtpEo5qdk.png,rock,1,train
C:\Users\pedse\Desktop\DIPagrindai\lab3\images\scissors\KngvagTrRurJUlI5.png,KngvagTrRurJUlI5.png,scissors,2,train
C:\Users\pedse\Desktop\DIPagrindai\lab3\images\scissors\XSI0ZmaJN2CfPs3B.png,XSI0ZmaJN2CfPs3B.png,scissors,2,train
C:\Users\pedse\Desktop\DIPagrindai\lab3\images\scissors\gQyIUVHeIS3WYuzv.png,gQyIUVHeIS3WYuzv.png,scissors,2,train
C:\Users\pedse\Desktop\DIPagrindai\lab3\images\paper\HTETrKtTEB31pvsK.png,HTETrKtTEB31pvsK.png,paper,0,train
C:\Users\pedse\Desktop\DIPagrindai\lab3\images\scissors\BJwCAwQV0EWaUT1X.png,BJwCAwQV0EWaUT1X.png,scissors,2,train
C:\Users\pedse\Desktop\DIPagrindai\lab3\images\rock\G1MuiTHGqQ6CN122.png,G1MuiTHGqQ6CN122.png,rock,1,train
C:\Users\pedse\Desktop\DIPagrindai\lab3\images\paper\cf9L4KKsfsFpRrYA.png,cf9L4KKsfsFpRrYA.png,paper,0,train
C:\Users\pedse\Desktop\DIPagrindai\lab3\images\rock\LHgGYA3vlHkUXzID.png,LHgGYA3vlHkUXzID.png,rock,1,train
C:\Users\pedse\Desktop\DIPagrindai\lab3\images\rock\wweMJiVO1CgNIGHW.png,wweMJiVO1CgNIGHW.png,rock,1,train
C:\Users\pedse\Desktop\DIPagrindai\lab3\images\scissors\DJQMlkIuVBNMoXMX.png,DJQMlkIuVBNMoXMX.png,scissors,2,train
C:\Users\pedse\Desktop\DIPagrindai\lab3\images\rock\O3ko4JxjCkdULELr.png,O3ko4JxjCkdULELr.png,rock,1,train
C:\Users\pedse\Desktop\DIPagrindai\lab3\images\paper\5U8st2LCr9zLl5og.png,5U8st2LCr9zLl5og.png,paper,0,train
C:\Users\pedse\Desktop\DIPagrindai\lab3\images\scissors\XN42vZFFWvOwwrEb.png,XN42vZFFWvOwwrEb.png,scissors,2,train
C:\Users\pedse\Desktop\DIPagrindai\lab3\images\rock\izGsLJJdOIpr54aV.png,izGsLJJdOIpr54aV.png,rock,1,train
C:\Users\pedse\Desktop\DIPagrindai\lab3\images\paper\ZULuRlvYzTJM8jC3.png,ZULuRlvYzTJM8jC3.png,paper,0,train
C:\Users\pedse\Desktop\DIPagrindai\lab3\images\rock\BsWasfK2PdoRNEDw.png,BsWasfK2PdoRNEDw.png,rock,1,train
C:\Users\pedse\Desktop\DIPagrindai\lab3\images\paper\WejRez1oUWm5lhuw.png,WejRez1oUWm5lhuw.png,paper,0,train
C:\Users\pedse\Desktop\DIPagrindai\lab3\images\scissors\PiurKNJwniJWLxD8.png,PiurKNJwniJWLxD8.png,scissors,2,train
C:\Users\pedse\Desktop\DIPagrindai\lab3\images\rock\9TeUwuSOgtGgewNL.png,9TeUwuSOgtGgewNL.png,rock,1,train
C:\Users\pedse\Desktop\DIPagrindai\lab3\images\scissors\6z9hCJxzN11rIsJH.png,6z9hCJxzN11rIsJH.png,scissors,2,train
C:\Users\pedse\Desktop\DIPagrindai\lab3\images\paper\ISW7mRK3Wu6ik0eH.png,ISW7mRK3Wu6ik0eH.png,paper,0,train
C:\Users\pedse\Desktop\DIPagrindai\lab3\images\scissors\Z6CURxA1iRNhTzO9.png,Z6CURxA1iRNhTzO9.png,scissors,2,train
C:\Users\pedse\Desktop\DIPagrindai\lab3\images\rock\Lasz75PzyTyufo0u.png,Lasz75PzyTyufo0u.png,rock,1,train
C:\Users\pedse\Desktop\DIPagrindai\lab3\images\rock\UEdiy4khJQHK0ofn.png,UEdiy4khJQHK0ofn.png,rock,1,train
C:\Users\pedse\Desktop\DIPagrindai\lab3\images\scissors\uRSLPvxdMFumUTl4.png,uRSLPvxdMFumUTl4.png,scissors,2,train
C:\Users\pedse\Desktop\DIPagrindai\lab3\images\scissors\KNNsNhduqSfuqEK5.png,KNNsNhduqSfuqEK5.png,scissors,2,train
C:\Users\pedse\Desktop\DIPagrindai\lab3\images\scissors\O17SUMTLj1goVg1L.png,O17SUMTLj1goVg1L.png,scissors,2,train
C:\Users\pedse\Desktop\DIPagrindai\lab3\images\rock\fQPCA8oYZ8ywDgyv.png,fQPCA8oYZ8ywDgyv.png,rock,1,train
C:\Users\pedse\Desktop\DIPagrindai\lab3\images\paper\mZW0RUegJl9SM8ck.png,mZW0RUegJl9SM8ck.png,paper,0,train
C:\Users\pedse\Desktop\DIPagrindai\lab3\images\scissors\8ei3rSl89D6W8Tav.png,8ei3rSl89D6W8Tav.png,scissors,2,train
C:\Users\pedse\Desktop\DIPagrindai\lab3\images\rock\qNLvry2jUcwSulgu.png,qNLvry2jUcwSulgu.png,rock,1,train
C:\Users\pedse\Desktop\DIPagrindai\lab3\images\rock\nkwwKfU69znG7Bi3.png,nkwwKfU69znG7Bi3.png,rock,1,train
C:\Users\pedse\Desktop\DIPagrindai\lab3\images\scissors\S2VG3n7WLkBpjNb1.png,S2VG3n7WLkBpjNb1.png,scissors,2,train
C:\Users\pedse\Desktop\DIPagrindai\lab3\images\scissors\KcCGOFZoEMOitVPh.png,KcCGOFZoEMOitVPh.png,scissors,2,train
C:\Users\pedse\Desktop\DIPagrindai\lab3\images\paper\4Bimc2E5E9jTh1Fh.png,4Bimc2E5E9jTh1Fh.png,paper,0,train
C:\Users\pedse\Desktop\DIPagrindai\lab3\images\paper\VFOCgVBUlL5Gp4Hh.png,VFOCgVBUlL5Gp4Hh.png,paper,0,train
C:\Users\pedse\Desktop\DIPagrindai\lab3\images\paper\sAEYBhcNfJgAZTD6.png,sAEYBhcNfJgAZTD6.png,paper,0,train
C:\Users\pedse\Desktop\DIPagrindai\lab3\images\rock\2DdERUV7Te8ivywq.png,2DdERUV7Te8ivywq.png,rock,1,train
C:\Users\pedse\Desktop\DIPagrindai\lab3\images\paper\VfIYGbOFu36N6MDw.png,VfIYGbOFu36N6MDw.png,paper,0,train
C:\Users\pedse\Desktop\DIPagrindai\lab3\images\rock\fjPydEfNWCvgobYu.png,fjPydEfNWCvgobYu.png,rock,1,train
C:\Users\pedse\Desktop\DIPagrindai\lab3\images\paper\oWI7JL85eXDhRFcV.png,oWI7JL85eXDhRFcV.png,paper,0,train
C:\Users\pedse\Desktop\DIPagrindai\lab3\images\scissors\2ufDQYIqKG1xRG7y.png,2ufDQYIqKG1xRG7y.png,scissors,2,train
C:\Users\pedse\Desktop\DIPagrindai\lab3\images\paper\ePEd8TOzTgrGz5M2.png,ePEd8TOzTgrGz5M2.png,paper,0,train
C:\Users\pedse\Desktop\DIPagrindai\lab3\images\scissors\Y2lr5d6VnNfievnA.png,Y2lr5d6VnNfievnA.png,scissors,2,train
C:\Users\pedse\Desktop\DIPagrindai\lab3\images\rock\2UaJz6Z3xJv3WX9h.png,2UaJz6Z3xJv3WX9h.png,rock,1,train
C:\Users\pedse\Desktop\DIPagrindai\lab3\images\scissors\JCPNp02x7U7KU7bP.png,JCPNp02x7U7KU7bP.png,scissors,2,train
C:\Users\pedse\Desktop\DIPagrindai\lab3\images\rock\NzQfD5IzPphBZNKi.png,NzQfD5IzPphBZNKi.png,rock,1,train
C:\Users\pedse\Desktop\DIPagrindai\lab3\images\paper\KqCGmJ8WCrqE5Uvg.png,KqCGmJ8WCrqE5Uvg.png,paper,0,train
C:\Users\pedse\Desktop\DIPagrindai\lab3\images\scissors\wKb3eKZpMml0XY9D.png,wKb3eKZpMml0XY9D.png,scissors,2,train
C:\Users\pedse\Desktop\DIPagrindai\lab3\images\scissors\gzAhbz3S2W0VukHE.png,gzAhbz3S2W0VukHE.png,scissors,2,train
C:\Users\pedse\Desktop\DIPagrindai\lab3\images\paper\t3gTGwl94iLuZL1k.png,t3gTGwl94iLuZL1k.png,paper,0,train
C:\Users\pedse\Desktop\DIPagrindai\lab3\images\paper\byBLmTC0iWfnT7wo.png,byBLmTC0iWfnT7wo.png,paper,0,train
C:\Users\pedse\Desktop\DIPagrindai\lab3\images\scissors\hly8CYYf6AiQucXm.png,hly8CYYf6AiQucXm.png,scissors,2,train
C:\Users\pedse\Desktop\DIPagrindai\lab3\images\paper\fjITlTb11LELvo3e.png,fjITlTb11LELvo3e.png,paper,0,train
C:\Users\pedse\Desktop\DIPagrindai\lab3\images\scissors\JjS0KakWxwXmg5Wi.png,JjS0KakWxwXmg5Wi.png,scissors,2,train
C:\Users\pedse\Desktop\DIPagrindai\lab3\images\scissors\NRzk5UfsKrSztt2j.png,NRzk5UfsKrSztt2j.png,scissors,2,train
C:\Users\pedse\Desktop\DIPagrindai\lab3\images\paper\BoXJ7o2SeSRRfuAH.png,BoXJ7o2SeSRRfuAH.png,paper,0,train
C:\Users\pedse\Desktop\DIPagrindai\lab3\images\paper\StyclBeCFwYGuttl.png,StyclBeCFwYGuttl.png,paper,0,train
C:\Users\pedse\Desktop\DIPagrindai\lab3\images\scissors\xPDNBvgWZrdijzTm.png,xPDNBvgWZrdijzTm.png,scissors,2,train
C:\Users\pedse\Desktop\DIPagrindai\lab3\images\paper\FcIIjteQItMuIuRa.png,FcIIjteQItMuIuRa.png,paper,0,train
C:\Users\pedse\Desktop\DIPagrindai\lab3\images\rock\Q7EjH9y5ipAktIG6.png,Q7EjH9y5ipAktIG6.png,rock,1,train
C:\Users\pedse\Desktop\DIPagrindai\lab3\images\rock\nLGBKJAhRNQqPFrT.png,nLGBKJAhRNQqPFrT.png,rock,1,train
C:\Users\pedse\Desktop\DIPagrindai\lab3\images\scissors\H7drJKmXJb6g6YxC.png,H7drJKmXJb6g6YxC.png,scissors,2,train
C:\Users\pedse\Desktop\DIPagrindai\lab3\images\paper\V9v5VHsYgQOVnzo2.png,V9v5VHsYgQOVnzo2.png,paper,0,train
C:\Users\pedse\Desktop\DIPagrindai\lab3\images\paper\eLNpUj2AZ1h4Mrxu.png,eLNpUj2AZ1h4Mrxu.png,paper,0,train
C:\Users\pedse\Desktop\DIPagrindai\lab3\images\scissors\oxyMOfWC1lQU6dRf.png,oxyMOfWC1lQU6dRf.png,scissors,2,train
C:\Users\pedse\Desktop\DIPagrindai\lab3\images\rock\y6SQqRL9aPExUa7f.png,y6SQqRL9aPExUa7f.png,rock,1,train
C:\Users\pedse\Desktop\DIPagrindai\lab3\images\paper\av2NxK494nd72Q13.png,av2NxK494nd72Q13.png,paper,0,train
C:\Users\pedse\Desktop\DIPagrindai\lab3\images\scissors\oYB271o4Oo5uFHpW.png,oYB271o4Oo5uFHpW.png,scissors,2,train
C:\Users\pedse\Desktop\DIPagrindai\lab3\images\scissors\vur2opqCdVFD3f6c.png,vur2opqCdVFD3f6c.png,scissors,2,train
C:\Users\pedse\Desktop\DIPagrindai\lab3\images\scissors\qHNvtsWSBDT0FnMt.png,qHNvtsWSBDT0FnMt.png,scissors,2,train
C:\Users\pedse\Desktop\DIPagrindai\lab3\images\rock\cfFHU3Y39yeofrTg.png,cfFHU3Y39yeofrTg.png,rock,1,train
C:\Users\pedse\Desktop\DIPagrindai\lab3\images\rock\IumhcLm1sbOr4pXt.png,IumhcLm1sbOr4pXt.png,rock,1,train
C:\Users\pedse\Desktop\DIPagrindai\lab3\images\paper\aKUFn8PEF7LP8BaX.png,aKUFn8PEF7LP8BaX.png,paper,0,train
C:\Users\pedse\Desktop\DIPagrindai\lab3\images\scissors\svWW1IeCIfKmCxvY.png,svWW1IeCIfKmCxvY.png,scissors,2,train
C:\Users\pedse\Desktop\DIPagrindai\lab3\images\scissors\DXQaN15KphkE4i7z.png,DXQaN15KphkE4i7z.png,scissors,2,train
C:\Users\pedse\Desktop\DIPagrindai\lab3\images\rock\zZRojXITRo7bAIRT.png,zZRojXITRo7bAIRT.png,rock,1,train
C:\Users\pedse\Desktop\DIPagrindai\lab3\images\paper\UvFHqrnEwsrs6MgC.png,UvFHqrnEwsrs6MgC.png,paper,0,train
C:\Users\pedse\Desktop\DIPagrindai\lab3\images\scissors\e6O1EpJykTCPNfvI.png,e6O1EpJykTCPNfvI.png,scissors,2,train
C:\Users\pedse\Desktop\DIPagrindai\lab3\images\paper\6ycslJxTsTjZc5H2.png,6ycslJxTsTjZc5H2.png,paper,0,train
C:\Users\pedse\Desktop\DIPagrindai\lab3\images\scissors\ZHY8N2y7tIomiozo.png,ZHY8N2y7tIomiozo.png,scissors,2,train
C:\Users\pedse\Desktop\DIPagrindai\lab3\images\rock\abNcCRBP8z4cNQco.png,abNcCRBP8z4cNQco.png,rock,1,train
C:\Users\pedse\Desktop\DIPagrindai\lab3\images\rock\rBGSBjzYhvdPSDV0.png,rBGSBjzYhvdPSDV0.png,rock,1,train
C:\Users\pedse\Desktop\DIPagrindai\lab3\images\scissors\bn7yju6XvU87slzH.png,bn7yju6XvU87slzH.png,scissors,2,train
C:\Users\pedse\Desktop\DIPagrindai\lab3\images\paper\2PiUTczN5Ez4VreF.png,2PiUTczN5Ez4VreF.png,paper,0,train
C:\Users\pedse\Desktop\DIPagrindai\lab3\images\paper\JOsGCJTsKvKGNHN1.png,JOsGCJTsKvKGNHN1.png,paper,0,train
C:\Users\pedse\Desktop\DIPagrindai\lab3\images\scissors\FfCLY0qhfyOoyam8.png,FfCLY0qhfyOoyam8.png,scissors,2,train
C:\Users\pedse\Desktop\DIPagrindai\lab3\images\scissors\hAb9a8XAGVZnLM6m.png,hAb9a8XAGVZnLM6m.png,scissors,2,train
C:\Users\pedse\Desktop\DIPagrindai\lab3\images\scissors\qpw9fZk3IDIXXJEr.png,qpw9fZk3IDIXXJEr.png,scissors,2,train
C:\Users\pedse\Desktop\DIPagrindai\lab3\images\paper\ObnNNP8S6dH3IxIS.png,ObnNNP8S6dH3IxIS.png,paper,0,train
C:\Users\pedse\Desktop\DIPagrindai\lab3\images\rock\YIHmMbsN487PuNaH.png,YIHmMbsN487PuNaH.png,rock,1,train
C:\Users\pedse\Desktop\DIPagrindai\lab3\images\scissors\mxyADQuZCMwE1Nv5.png,mxyADQuZCMwE1Nv5.png,scissors,2,train
C:\Users\pedse\Desktop\DIPagrindai\lab3\images\rock\FYSbYWccrDFMHVee.png,FYSbYWccrDFMHVee.png,rock,1,train
C:\Users\pedse\Desktop\DIPagrindai\lab3\images\rock\SlAF95clUBus3B4a.png,SlAF95clUBus3B4a.png,rock,1,train
C:\Users\pedse\Desktop\DIPagrindai\lab3\images\paper\RmJmYq6VCNrrvi2l.png,RmJmYq6VCNrrvi2l.png,paper,0,train
C:\Users\pedse\Desktop\DIPagrindai\lab3\images\paper\v1b7FBFD4ZbLJnhB.png,v1b7FBFD4ZbLJnhB.png,paper,0,train
C:\Users\pedse\Desktop\DIPagrindai\lab3\images\scissors\Ep0yJCcioRpgZquy.png,Ep0yJCcioRpgZquy.png,scissors,2,train
C:\Users\pedse\Desktop\DIPagrindai\lab3\images\paper\9WQaDoiIDC4zGPr8.png,9WQaDoiIDC4zGPr8.png,paper,0,train
C:\Users\pedse\Desktop\DIPagrindai\lab3\images\rock\3XqpRCrIK65ostOr.png,3XqpRCrIK65ostOr.png,rock,1,train
C:\Users\pedse\Desktop\DIPagrindai\lab3\images\rock\lcZcrpCoDl7Y1AUF.png,lcZcrpCoDl7Y1AUF.png,rock,1,train
C:\Users\pedse\Desktop\DIPagrindai\lab3\images\scissors\mAjn51U2iJwlh99P.png,mAjn51U2iJwlh99P.png,scissors,2,train
C:\Users\pedse\Desktop\DIPagrindai\lab3\images\scissors\5VvYOvnkxKc8PIog.png,5VvYOvnkxKc8PIog.png,scissors,2,train
C:\Users\pedse\Desktop\DIPagrindai\lab3\images\scissors\FHS2JqvlXGibavFw.png,FHS2JqvlXGibavFw.png,scissors,2,train
C:\Users\pedse\Desktop\DIPagrindai\lab3\images\paper\Z5ioSnqxnoCUixRW.png,Z5ioSnqxnoCUixRW.png,paper,0,train
C:\Users\pedse\Desktop\DIPagrindai\lab3\images\paper\5NsmQol0TP7h80bh.png,5NsmQol0TP7h80bh.png,paper,0,train
C:\Users\pedse\Desktop\DIPagrindai\lab3\images\rock\1UucZqS3qblvU0cH.png,1UucZqS3qblvU0cH.png,rock,1,train
C:\Users\pedse\Desktop\DIPagrindai\lab3\images\paper\rX4dcSySbz56p4dk.png,rX4dcSySbz56p4dk.png,paper,0,train
C:\Users\pedse\Desktop\DIPagrindai\lab3\images\paper\MmzlgKI366LYX3fe.png,MmzlgKI366LYX3fe.png,paper,0,train
C:\Users\pedse\Desktop\DIPagrindai\lab3\images\rock\v9fNaoRtExGYVHgL.png,v9fNaoRtExGYVHgL.png,rock,1,train
C:\Users\pedse\Desktop\DIPagrindai\lab3\images\rock\qMWVb6BibNukvVrj.png,qMWVb6BibNukvVrj.png,rock,1,train
C:\Users\pedse\Desktop\DIPagrindai\lab3\images\scissors\AoGoNngxM4z3CboT.png,AoGoNngxM4z3CboT.png,scissors,2,train
C:\Users\pedse\Desktop\DIPagrindai\lab3\images\rock\Tp8sMtigMXoyabfq.png,Tp8sMtigMXoyabfq.png,rock,1,train
C:\Users\pedse\Desktop\DIPagrindai\lab3\images\rock\hqD5rX5jXifrtMJO.png,hqD5rX5jXifrtMJO.png,rock,1,train
C:\Users\pedse\Desktop\DIPagrindai\lab3\images\rock\smfqjL7LuLnrPqo1.png,smfqjL7LuLnrPqo1.png,rock,1,train
C:\Users\pedse\Desktop\DIPagrindai\lab3\images\rock\h89sRVkct1nAdPfo.png,h89sRVkct1nAdPfo.png,rock,1,train
C:\Users\pedse\Desktop\DIPagrindai\lab3\images\scissors\itXNIVO7ghl2qja8.png,itXNIVO7ghl2qja8.png,scissors,2,train
C:\Users\pedse\Desktop\DIPagrindai\lab3\images\rock\8WivsxbidGW1wvnx.png,8WivsxbidGW1wvnx.png,rock,1,train
C:\Users\pedse\Desktop\DIPagrindai\lab3\images\paper\f1aYiLdB5VC3L8Kk.png,f1aYiLdB5VC3L8Kk.png,paper,0,train
C:\Users\pedse\Desktop\DIPagrindai\lab3\images\scissors\xgFgqnPJIU3u1ZqY.png,xgFgqnPJIU3u1ZqY.png,scissors,2,train
C:\Users\pedse\Desktop\DIPagrindai\lab3\images\paper\yaRRMcZS7JJ3xLK1.png,yaRRMcZS7JJ3xLK1.png,paper,0,train
C:\Users\pedse\Desktop\DIPagrindai\lab3\images\scissors\j1EfA5DclfCJdzLb.png,j1EfA5DclfCJdzLb.png,scissors,2,train
C:\Users\pedse\Desktop\DIPagrindai\lab3\images\rock\VxODCZVhiNVfWsLj.png,VxODCZVhiNVfWsLj.png,rock,1,train
C:\Users\pedse\Desktop\DIPagrindai\lab3\images\rock\z8U1YdLOa1FwflzO.png,z8U1YdLOa1FwflzO.png,rock,1,train
C:\Users\pedse\Desktop\DIPagrindai\lab3\images\scissors\R8yTHsEmwnN776s2.png,R8yTHsEmwnN776s2.png,scissors,2,train
C:\Users\pedse\Desktop\DIPagrindai\lab3\images\rock\oYZ5GJcd60BPi0BI.png,oYZ5GJcd60BPi0BI.png,rock,1,train
C:\Users\pedse\Desktop\DIPagrindai\lab3\images\rock\JspEtoXj1u5CjLmG.png,JspEtoXj1u5CjLmG.png,rock,1,train
C:\Users\pedse\Desktop\DIPagrindai\lab3\images\paper\89dWYgfIZm624Pf6.png,89dWYgfIZm624Pf6.png,paper,0,train
C:\Users\pedse\Desktop\DIPagrindai\lab3\images\paper\bxn0wMR4QebqVl62.png,bxn0wMR4QebqVl62.png,paper,0,train
C:\Users\pedse\Desktop\DIPagrindai\lab3\images\rock\bn4i63wrObqbJECw.png,bn4i63wrObqbJECw.png,rock,1,train
C:\Users\pedse\Desktop\DIPagrindai\lab3\images\scissors\e7wuzMq70FDcvaFr.png,e7wuzMq70FDcvaFr.png,scissors,2,train
C:\Users\pedse\Desktop\DIPagrindai\lab3\images\scissors\kP93zKVUzAJpIWpV.png,kP93zKVUzAJpIWpV.png,scissors,2,train
C:\Users\pedse\Desktop\DIPagrindai\lab3\images\rock\Khsb4fYDiZjyXfBP.png,Khsb4fYDiZjyXfBP.png,rock,1,train
C:\Users\pedse\Desktop\DIPagrindai\lab3\images\rock\CpWDLKaUbf6poyIj.png,CpWDLKaUbf6poyIj.png,rock,1,train
C:\Users\pedse\Desktop\DIPagrindai\lab3\images\paper\SboHPaPEPBqkkTUX.png,SboHPaPEPBqkkTUX.png,paper,0,train
C:\Users\pedse\Desktop\DIPagrindai\lab3\images\paper\P1STllnKDD05zo29.png,P1STllnKDD05zo29.png,paper,0,train
C:\Users\pedse\Desktop\DIPagrindai\lab3\images\rock\Iyr7ONoegMltn92L.png,Iyr7ONoegMltn92L.png,rock,1,train
C:\Users\pedse\Desktop\DIPagrindai\lab3\images\paper\EJ42U85HcmJV7JVm.png,EJ42U85HcmJV7JVm.png,paper,0,train
C:\Users\pedse\Desktop\DIPagrindai\lab3\images\scissors\urK4D0Tf5XNKCgIJ.png,urK4D0Tf5XNKCgIJ.png,scissors,2,train
C:\Users\pedse\Desktop\DIPagrindai\lab3\images\paper\UqMn3TJPZRf0px46.png,UqMn3TJPZRf0px46.png,paper,0,train
C:\Users\pedse\Desktop\DIPagrindai\lab3\images\paper\O0fq1v7s6qxN8o9L.png,O0fq1v7s6qxN8o9L.png,paper,0,train
C:\Users\pedse\Desktop\DIPagrindai\lab3\images\scissors\aDk2yxglXt7Xkrzw.png,aDk2yxglXt7Xkrzw.png,scissors,2,train
C:\Users\pedse\Desktop\DIPagrindai\lab3\images\rock\gc8jqxVapG2o8ol1.png,gc8jqxVapG2o8ol1.png,rock,1,train
C:\Users\pedse\Desktop\DIPagrindai\lab3\images\rock\i85n2S7UREOq5svM.png,i85n2S7UREOq5svM.png,rock,1,train
C:\Users\pedse\Desktop\DIPagrindai\lab3\images\scissors\xALf82q7G9zbPjgN.png,xALf82q7G9zbPjgN.png,scissors,2,train
C:\Users\pedse\Desktop\DIPagrindai\lab3\images\scissors\XBP2RvuuQk5EMXsW.png,XBP2RvuuQk5EMXsW.png,scissors,2,train
C:\Users\pedse\Desktop\DIPagrindai\lab3\images\rock\os5rNj49BIDCwHLD.png,os5rNj49BIDCwHLD.png,rock,1,train
C:\Users\pedse\Desktop\DIPagrindai\lab3\images\paper\knWd03lNhoAUPdKX.png,knWd03lNhoAUPdKX.png,paper,0,train
C:\Users\pedse\Desktop\DIPagrindai\lab3\images\rock\6TEsyzE1MEK6Xg31.png,6TEsyzE1MEK6Xg31.png,rock,1,train
C:\Users\pedse\Desktop\DIPagrindai\lab3\images\scissors\rPWSuNNi9TZbKb7l.png,rPWSuNNi9TZbKb7l.png,scissors,2,train
C:\Users\pedse\Desktop\DIPagrindai\lab3\images\paper\9szmJOWlXxEbjDGV.png,9szmJOWlXxEbjDGV.png,paper,0,train
C:\Users\pedse\Desktop\DIPagrindai\lab3\images\scissors\j3c7JHbJwmnOq6cu.png,j3c7JHbJwmnOq6cu.png,scissors,2,train
C:\Users\pedse\Desktop\DIPagrindai\lab3\images\scissors\JtDq2l0qrhsysghx.png,JtDq2l0qrhsysghx.png,scissors,2,train
C:\Users\pedse\Desktop\DIPagrindai\lab3\images\scissors\BwX4LCp8V8FlquK1.png,BwX4LCp8V8FlquK1.png,scissors,2,train
C:\Users\pedse\Desktop\DIPagrindai\lab3\images\scissors\uJ286TPihhYw3Y3S.png,uJ286TPihhYw3Y3S.png,scissors,2,train
C:\Users\pedse\Desktop\DIPagrindai\lab3\images\rock\6ZWuYAkiYnDTDa2N.png,6ZWuYAkiYnDTDa2N.png,rock,1,train
C:\Users\pedse\Desktop\DIPagrindai\lab3\images\scissors\OWzxS6m9SGpk1bnY.png,OWzxS6m9SGpk1bnY.png,scissors,2,train
C:\Users\pedse\Desktop\DIPagrindai\lab3\images\paper\aINwMVFw8UopgTOm.png,aINwMVFw8UopgTOm.png,paper,0,train
C:\Users\pedse\Desktop\DIPagrindai\lab3\images\scissors\rg2UeHqmCL67Pl4o.png,rg2UeHqmCL67Pl4o.png,scissors,2,train
C:\Users\pedse\Desktop\DIPagrindai\lab3\images\paper\MKnNPdRtHfgr6ZbI.png,MKnNPdRtHfgr6ZbI.png,paper,0,train
C:\Users\pedse\Desktop\DIPagrindai\lab3\images\paper\VUx1G75w9CbeAJUx.png,VUx1G75w9CbeAJUx.png,paper,0,train
C:\Users\pedse\Desktop\DIPagrindai\lab3\images\scissors\7Zb3QM9tznboKuQE.png,7Zb3QM9tznboKuQE.png,scissors,2,train
C:\Users\pedse\Desktop\DIPagrindai\lab3\images\rock\xy6EzMBW1U0aWDhr.png,xy6EzMBW1U0aWDhr.png,rock,1,train
C:\Users\pedse\Desktop\DIPagrindai\lab3\images\paper\KHfp6LJDEhqbcomR.png,KHfp6LJDEhqbcomR.png,paper,0,train
C:\Users\pedse\Desktop\DIPagrindai\lab3\images\scissors\fYsFOMTEQ0VIy1Ma.png,fYsFOMTEQ0VIy1Ma.png,scissors,2,train
C:\Users\pedse\Desktop\DIPagrindai\lab3\images\paper\1Dfw5FRlS4h60JPX.png,1Dfw5FRlS4h60JPX.png,paper,0,train
C:\Users\pedse\Desktop\DIPagrindai\lab3\images\rock\Mc1ESNeg86L6CLRe.png,Mc1ESNeg86L6CLRe.png,rock,1,train
C:\Users\pedse\Desktop\DIPagrindai\lab3\images\paper\MLURv7NBoSPK4f1h.png,MLURv7NBoSPK4f1h.png,paper,0,train
C:\Users\pedse\Desktop\DIPagrindai\lab3\images\paper\e6blzPfvGcrcHaKl.png,e6blzPfvGcrcHaKl.png,paper,0,train
C:\Users\pedse\Desktop\DIPagrindai\lab3\images\paper\oTQjuZyEM7y9MlNJ.png,oTQjuZyEM7y9MlNJ.png,paper,0,train
C:\Users\pedse\Desktop\DIPagrindai\lab3\images\rock\ADOiIs56eyYsunID.png,ADOiIs56eyYsunID.png,rock,1,train
C:\Users\pedse\Desktop\DIPagrindai\lab3\images\paper\RW8BP64V5NC04QWf.png,RW8BP64V5NC04QWf.png,paper,0,train
C:\Users\pedse\Desktop\DIPagrindai\lab3\images\rock\gPFCK0WnHem9uYEW.png,gPFCK0WnHem9uYEW.png,rock,1,train
C:\Users\pedse\Desktop\DIPagrindai\lab3\images\scissors\G6trRFSUGIeaQorS.png,G6trRFSUGIeaQorS.png,scissors,2,train
C:\Users\pedse\Desktop\DIPagrindai\lab3\images\scissors\znR0vgP11p6yX3nI.png,znR0vgP11p6yX3nI.png,scissors,2,train
C:\Users\pedse\Desktop\DIPagrindai\lab3\images\scissors\RRarqefXkioSeU1z.png,RRarqefXkioSeU1z.png,scissors,2,train
C:\Users\pedse\Desktop\DIPagrindai\lab3\images\scissors\PcrxANaDvhRnDlxq.png,PcrxANaDvhRnDlxq.png,scissors,2,train
C:\Users\pedse\Desktop\DIPagrindai\lab3\images\rock\3sQLj3fYBZhheJ7K.png,3sQLj3fYBZhheJ7K.png,rock,1,train
C:\Users\pedse\Desktop\DIPagrindai\lab3\images\scissors\R8EezCr0SD3e39T0.png,R8EezCr0SD3e39T0.png,scissors,2,train
C:\Users\pedse\Desktop\DIPagrindai\lab3\images\scissors\OLBaBUjL8DE58OvS.png,OLBaBUjL8DE58OvS.png,scissors,2,train
C:\Users\pedse\Desktop\DIPagrindai\lab3\images\paper\zQvuYPyUR7gXdqXE.png,zQvuYPyUR7gXdqXE.png,paper,0,train
C:\Users\pedse\Desktop\DIPagrindai\lab3\images\scissors\a6nlEYiU2vnnUcp3.png,a6nlEYiU2vnnUcp3.png,scissors,2,train
C:\Users\pedse\Desktop\DIPagrindai\lab3\images\rock\Bv1IS98JTiuZC7Bs.png,Bv1IS98JTiuZC7Bs.png,rock,1,train
C:\Users\pedse\Desktop\DIPagrindai\lab3\images\rock\dnss2tOuxRmL0ZjZ.png,dnss2tOuxRmL0ZjZ.png,rock,1,train
C:\Users\pedse\Desktop\DIPagrindai\lab3\images\paper\aeVtGl2LQBr831P5.png,aeVtGl2LQBr831P5.png,paper,0,train
C:\Users\pedse\Desktop\DIPagrindai\lab3\images\rock\gRiBjZUJv5LqQXYZ.png,gRiBjZUJv5LqQXYZ.png,rock,1,train
C:\Users\pedse\Desktop\DIPagrindai\lab3\images\rock\f2pYnAURozqBDJDy.png,f2pYnAURozqBDJDy.png,rock,1,train
C:\Users\pedse\Desktop\DIPagrindai\lab3\images\paper\CHf3O6SDtuPbbD0s.png,CHf3O6SDtuPbbD0s.png,paper,0,train
C:\Users\pedse\Desktop\DIPagrindai\lab3\images\paper\IlrxPx0XNL2QslmW.png,IlrxPx0XNL2QslmW.png,paper,0,train
C:\Users\pedse\Desktop\DIPagrindai\lab3\images\rock\bVzc0yl2Cm3xkOgB.png,bVzc0yl2Cm3xkOgB.png,rock,1,train
C:\Users\pedse\Desktop\DIPagrindai\lab3\images\rock\lh18XOTNn8Tr3ijU.png,lh18XOTNn8Tr3ijU.png,rock,1,train
C:\Users\pedse\Desktop\DIPagrindai\lab3\images\rock\ktot0Gt2YvkPXl1X.png,ktot0Gt2YvkPXl1X.png,rock,1,train
C:\Users\pedse\Desktop\DIPagrindai\lab3\images\scissors\9VLUR3WfMvIdEMrO.png,9VLUR3WfMvIdEMrO.png,scissors,2,train
C:\Users\pedse\Desktop\DIPagrindai\lab3\images\paper\n1H2YStjFsCwmlYz.png,n1H2YStjFsCwmlYz.png,paper,0,train
C:\Users\pedse\Desktop\DIPagrindai\lab3\images\paper\eBjRjXUIy7fpUaRy.png,eBjRjXUIy7fpUaRy.png,paper,0,train
C:\Users\pedse\Desktop\DIPagrindai\lab3\images\scissors\RtsIA3p963IFGi8t.png,RtsIA3p963IFGi8t.png,scissors,2,train
C:\Users\pedse\Desktop\DIPagrindai\lab3\images\rock\hMqKoUYAvB91YRuO.png,hMqKoUYAvB91YRuO.png,rock,1,train
C:\Users\pedse\Desktop\DIPagrindai\lab3\images\rock\6TC3PefZj9PxEdqz.png,6TC3PefZj9PxEdqz.png,rock,1,train
C:\Users\pedse\Desktop\DIPagrindai\lab3\images\paper\EJ7cNnnea5yCEaOd.png,EJ7cNnnea5yCEaOd.png,paper,0,train
C:\Users\pedse\Desktop\DIPagrindai\lab3\images\paper\9zfyVkUcku0qc4Gu.png,9zfyVkUcku0qc4Gu.png,paper,0,train
C:\Users\pedse\Desktop\DIPagrindai\lab3\images\scissors\gs2BzCeH7aDo8Lhs.png,gs2BzCeH7aDo8Lhs.png,scissors,2,train
C:\Users\pedse\Desktop\DIPagrindai\lab3\images\paper\a45DJKHJdnCFhX5X.png,a45DJKHJdnCFhX5X.png,paper,0,train
C:\Users\pedse\Desktop\DIPagrindai\lab3\images\scissors\otBEUIQNFGMk80vF.png,otBEUIQNFGMk80vF.png,scissors,2,train
C:\Users\pedse\Desktop\DIPagrindai\lab3\images\scissors\X04PclHUrXo1cF1d.png,X04PclHUrXo1cF1d.png,scissors,2,train
C:\Users\pedse\Desktop\DIPagrindai\lab3\images\rock\Mfz7ZRZdZeRxFYAf.png,Mfz7ZRZdZeRxFYAf.png,rock,1,train
C:\Users\pedse\Desktop\DIPagrindai\lab3\images\rock\86KzO2PHymh6qYQ4.png,86KzO2PHymh6qYQ4.png,rock,1,train
C:\Users\pedse\Desktop\DIPagrindai\lab3\images\rock\Zz52yCODsLplv7rK.png,Zz52yCODsLplv7rK.png,rock,1,train
C:\Users\pedse\Desktop\DIPagrindai\lab3\images\rock\yF6HU2xSYYVTtH91.png,yF6HU2xSYYVTtH91.png,rock,1,train
C:\Users\pedse\Desktop\DIPagrindai\lab3\images\paper\KPJ371erJ0RUKNAX.png,KPJ371erJ0RUKNAX.png,paper,0,train
C:\Users\pedse\Desktop\DIPagrindai\lab3\images\paper\OdfDTwgPVdW9XbE7.png,OdfDTwgPVdW9XbE7.png,paper,0,train
C:\Users\pedse\Desktop\DIPagrindai\lab3\images\paper\yB4dN62hOf4QeWGy.png,yB4dN62hOf4QeWGy.png,paper,0,train
C:\Users\pedse\Desktop\DIPagrindai\lab3\images\rock\R5nXVOQnotizkrJB.png,R5nXVOQnotizkrJB.png,rock,1,train
C:\Users\pedse\Desktop\DIPagrindai\lab3\images\paper\Tgy8eMKf7vZc4Eib.png,Tgy8eMKf7vZc4Eib.png,paper,0,train
C:\Users\pedse\Desktop\DIPagrindai\lab3\images\rock\tgpoZwVYq6VIfho8.png,tgpoZwVYq6VIfho8.png,rock,1,train
C:\Users\pedse\Desktop\DIPagrindai\lab3\images\paper\7L3Xke8iQBzywEPH.png,7L3Xke8iQBzywEPH.png,paper,0,train
C:\Users\pedse\Desktop\DIPagrindai\lab3\images\scissors\Q2F8cfDaghfz8PyX.png,Q2F8cfDaghfz8PyX.png,scissors,2,train
C:\Users\pedse\Desktop\DIPagrindai\lab3\images\scissors\TqrIZuWA1XJR0MEK.png,TqrIZuWA1XJR0MEK.png,scissors,2,train
C:\Users\pedse\Desktop\DIPagrindai\lab3\images\rock\how0vUOltuU1m495.png,how0vUOltuU1m495.png,rock,1,train
C:\Users\pedse\Desktop\DIPagrindai\lab3\images\rock\lXb5SpRU737FgSN8.png,lXb5SpRU737FgSN8.png,rock,1,train
C:\Users\pedse\Desktop\DIPagrindai\lab3\images\scissors\ZPjzBZeu7RFCMj7A.png,ZPjzBZeu7RFCMj7A.png,scissors,2,train
C:\Users\pedse\Desktop\DIPagrindai\lab3\images\scissors\pZ9zE5ahoKZhIZqm.png,pZ9zE5ahoKZhIZqm.png,scissors,2,train
C:\Users\pedse\Desktop\DIPagrindai\lab3\images\scissors\Em50Yggfyz815VUH.png,Em50Yggfyz815VUH.png,scissors,2,train
C:\Users\pedse\Desktop\DIPagrindai\lab3\images\paper\HU7Q4utMI0vHMxlh.png,HU7Q4utMI0vHMxlh.png,paper,0,train
C:\Users\pedse\Desktop\DIPagrindai\lab3\images\scissors\tZ8TlcDUMWqENtfF.png,tZ8TlcDUMWqENtfF.png,scissors,2,train
C:\Users\pedse\Desktop\DIPagrindai\lab3\images\scissors\yiOfEmSzPhjaYDwH.png,yiOfEmSzPhjaYDwH.png,scissors,2,train
C:\Users\pedse\Desktop\DIPagrindai\lab3\images\scissors\yAuOKZfd9CyDMYdg.png,yAuOKZfd9CyDMYdg.png,scissors,2,train
C:\Users\pedse\Desktop\DIPagrindai\lab3\images\scissors\Ea5uaRMj6JwEAEtn.png,Ea5uaRMj6JwEAEtn.png,scissors,2,train
C:\Users\pedse\Desktop\DIPagrindai\lab3\images\rock\SDUe3SDAEKYJId8m.png,SDUe3SDAEKYJId8m.png,rock,1,train
C:\Users\pedse\Desktop\DIPagrindai\lab3\images\rock\lO2wvyJGrQBZvX9P.png,lO2wvyJGrQBZvX9P.png,rock,1,train
C:\Users\pedse\Desktop\DIPagrindai\lab3\images\paper\jYSFgcG68qqavVn6.png,jYSFgcG68qqavVn6.png,paper,0,train
C:\Users\pedse\Desktop\DIPagrindai\lab3\images\scissors\VSitIYv6wmfRhoKj.png,VSitIYv6wmfRhoKj.png,scissors,2,train
C:\Users\pedse\Desktop\DIPagrindai\lab3\images\rock\AydtaubqlFzR1W5x.png,AydtaubqlFzR1W5x.png,rock,1,train
C:\Users\pedse\Desktop\DIPagrindai\lab3\images\paper\xJAZ3PewpLYs4ogR.png,xJAZ3PewpLYs4ogR.png,paper,0,train
C:\Users\pedse\Desktop\DIPagrindai\lab3\images\rock\4vXhIZv7KkPhyfX9.png,4vXhIZv7KkPhyfX9.png,rock,1,train
C:\Users\pedse\Desktop\DIPagrindai\lab3\images\paper\ZGQV7rFVePreAdOe.png,ZGQV7rFVePreAdOe.png,paper,0,train
C:\Users\pedse\Desktop\DIPagrindai\lab3\images\paper\ac0j8jCfz8hwpY0o.png,ac0j8jCfz8hwpY0o.png,paper,0,train
C:\Users\pedse\Desktop\DIPagrindai\lab3\images\paper\2tDgPZGqbrw95j39.png,2tDgPZGqbrw95j39.png,paper,0,train
C:\Users\pedse\Desktop\DIPagrindai\lab3\images\scissors\ny4ARFjALtDxJqGg.png,ny4ARFjALtDxJqGg.png,scissors,2,train
C:\Users\pedse\Desktop\DIPagrindai\lab3\images\rock\pU5fol2HJ1fxobLd.png,pU5fol2HJ1fxobLd.png,rock,1,train
C:\Users\pedse\Desktop\DIPagrindai\lab3\images\paper\pt2EHjG6vxV6Hjmf.png,pt2EHjG6vxV6Hjmf.png,paper,0,train
C:\Users\pedse\Desktop\DIPagrindai\lab3\images\paper\dF7Gvm0vgCJZofAW.png,dF7Gvm0vgCJZofAW.png,paper,0,train
C:\Users\pedse\Desktop\DIPagrindai\lab3\images\paper\HkBUo9kQDJho4uor.png,HkBUo9kQDJho4uor.png,paper,0,train
C:\Users\pedse\Desktop\DIPagrindai\lab3\images\scissors\vLsE4fWvRdNXdkvb.png,vLsE4fWvRdNXdkvb.png,scissors,2,train
C:\Users\pedse\Desktop\DIPagrindai\lab3\images\rock\00nKV8oHuTGi20gq.png,00nKV8oHuTGi20gq.png,rock,1,train
C:\Users\pedse\Desktop\DIPagrindai\lab3\images\scissors\oNZAuH1gIa65iSMu.png,oNZAuH1gIa65iSMu.png,scissors,2,train
C:\Users\pedse\Desktop\DIPagrindai\lab3\images\paper\pfyaiU10n2EvAwgw.png,pfyaiU10n2EvAwgw.png,paper,0,train
C:\Users\pedse\Desktop\DIPagrindai\lab3\images\rock\0OEXfEooCXlljaEl.png,0OEXfEooCXlljaEl.png,rock,1,train
C:\Users\pedse\Desktop\DIPagrindai\lab3\images\scissors\y9PxZE5NfOO323Nv.png,y9PxZE5NfOO323Nv.png,scissors,2,train
C:\Users\pedse\Desktop\DIPagrindai\lab3\images\scissors\ntwoVP9pgUbs3LGq.png,ntwoVP9pgUbs3LGq.png,scissors,2,train
C:\Users\pedse\Desktop\DIPagrindai\lab3\images\rock\AfK6szcUXW6HDlxI.png,AfK6szcUXW6HDlxI.png,rock,1,train
C:\Users\pedse\Desktop\DIPagrindai\lab3\images\paper\cXZYoC2Bu8SeHasE.png,cXZYoC2Bu8SeHasE.png,paper,0,train
C:\Users\pedse\Desktop\DIPagrindai\lab3\images\paper\FVEAFUE9uhfJPi2f.png,FVEAFUE9uhfJPi2f.png,paper,0,train
C:\Users\pedse\Desktop\DIPagrindai\lab3\images\rock\vxMVVVspXFiLAJc4.png,vxMVVVspXFiLAJc4.png,rock,1,train
C:\Users\pedse\Desktop\DIPagrindai\lab3\images\rock\1COBZEE1ALiJIivQ.png,1COBZEE1ALiJIivQ.png,rock,1,train
C:\Users\pedse\Desktop\DIPagrindai\lab3\images\paper\EVtIRpfQ2ys2A3ag.png,EVtIRpfQ2ys2A3ag.png,paper,0,train
C:\Users\pedse\Desktop\DIPagrindai\lab3\images\rock\mu2i6dWPZNLGnnPy.png,mu2i6dWPZNLGnnPy.png,rock,1,train
C:\Users\pedse\Desktop\DIPagrindai\lab3\images\rock\8CjXmw1rSkNLaj6p.png,8CjXmw1rSkNLaj6p.png,rock,1,train
C:\Users\pedse\Desktop\DIPagrindai\lab3\images\rock\FAXYcAg30rtQnofW.png,FAXYcAg30rtQnofW.png,rock,1,train
C:\Users\pedse\Desktop\DIPagrindai\lab3\images\rock\JIdgNYR5ymqv8uxv.png,JIdgNYR5ymqv8uxv.png,rock,1,train
C:\Users\pedse\Desktop\DIPagrindai\lab3\images\rock\cy37is7PNfZQJ6SU.png,cy37is7PNfZQJ6SU.png,rock,1,train
C:\Users\pedse\Desktop\DIPagrindai\lab3\images\paper\LhgH8QOKfA5xu287.png,LhgH8QOKfA5xu287.png,paper,0,train
C:\Users\pedse\Desktop\DIPagrindai\lab3\images\scissors\HAjiwatcnWjWeEeT.png,HAjiwatcnWjWeEeT.png,scissors,2,train
C:\Users\pedse\Desktop\DIPagrindai\lab3\images\rock\Bvw2wNs7Vb4H5nx9.png,Bvw2wNs7Vb4H5nx9.png,rock,1,train
C:\Users\pedse\Desktop\DIPagrindai\lab3\images\paper\HXxUlm3O2djcDgUR.png,HXxUlm3O2djcDgUR.png,paper,0,train
C:\Users\pedse\Desktop\DIPagrindai\lab3\images\scissors\N1OyHVPqxT0iO0vF.png,N1OyHVPqxT0iO0vF.png,scissors,2,train
C:\Users\pedse\Desktop\DIPagrindai\lab3\images\paper\qM0f6IJPDfLRpo1d.png,qM0f6IJPDfLRpo1d.png,paper,0,train
C:\Users\pedse\Desktop\DIPagrindai\lab3\images\rock\HptkIYoVoE2yV9Yk.png,HptkIYoVoE2yV9Yk.png,rock,1,train
C:\Users\pedse\Desktop\DIPagrindai\lab3\images\scissors\U548QDFNMOTUq5nN.png,U548QDFNMOTUq5nN.png,scissors,2,train
C:\Users\pedse\Desktop\DIPagrindai\lab3\images\scissors\4Zh2kADxqxEsPTrX.png,4Zh2kADxqxEsPTrX.png,scissors,2,train
C:\Users\pedse\Desktop\DIPagrindai\lab3\images\paper\lb8kepfzcnutbQI1.png,lb8kepfzcnutbQI1.png,paper,0,train
C:\Users\pedse\Desktop\DIPagrindai\lab3\images\rock\EPqSt5HeGNMhPaeR.png,EPqSt5HeGNMhPaeR.png,rock,1,train
C:\Users\pedse\Desktop\DIPagrindai\lab3\images\paper\ZveWRNmdKejc1c4w.png,ZveWRNmdKejc1c4w.png,paper,0,train
C:\Users\pedse\Desktop\DIPagrindai\lab3\images\rock\kdSoBBdU2T0eoWR2.png,kdSoBBdU2T0eoWR2.png,rock,1,train
C:\Users\pedse\Desktop\DIPagrindai\lab3\images\scissors\s1gqGqCAbVLwDSw8.png,s1gqGqCAbVLwDSw8.png,scissors,2,train
C:\Users\pedse\Desktop\DIPagrindai\lab3\images\scissors\xXxXuQZdlW8ebxCN.png,xXxXuQZdlW8ebxCN.png,scissors,2,train
C:\Users\pedse\Desktop\DIPagrindai\lab3\images\scissors\Z3isJg9IBOn3ZHFZ.png,Z3isJg9IBOn3ZHFZ.png,scissors,2,train
C:\Users\pedse\Desktop\DIPagrindai\lab3\images\rock\zkNTynOVx99Kr46m.png,zkNTynOVx99Kr46m.png,rock,1,train
C:\Users\pedse\Desktop\DIPagrindai\lab3\images\rock\qzCqZEUXcEqAuZAO.png,qzCqZEUXcEqAuZAO.png,rock,1,train
C:\Users\pedse\Desktop\DIPagrindai\lab3\images\rock\2uVMdMj10yjpR6Py.png,2uVMdMj10yjpR6Py.png,rock,1,train
C:\Users\pedse\Desktop\DIPagrindai\lab3\images\rock\DXlFk9LGWpbBewq2.png,DXlFk9LGWpbBewq2.png,rock,1,train
C:\Users\pedse\Desktop\DIPagrindai\lab3\images\scissors\XWF7hCQnD6qfJUCI.png,XWF7hCQnD6qfJUCI.png,scissors,2,train
C:\Users\pedse\Desktop\DIPagrindai\lab3\images\scissors\eCrwTPFv8gvWXubN.png,eCrwTPFv8gvWXubN.png,scissors,2,train
C:\Users\pedse\Desktop\DIPagrindai\lab3\images\scissors\uCRRTGuvPMUiZXYz.png,uCRRTGuvPMUiZXYz.png,scissors,2,train
C:\Users\pedse\Desktop\DIPagrindai\lab3\images\paper\AYfr1pZxmZyZaXWu.png,AYfr1pZxmZyZaXWu.png,paper,0,train
C:\Users\pedse\Desktop\DIPagrindai\lab3\images\rock\IR0TvCNLcK7IrE1a.png,IR0TvCNLcK7IrE1a.png,rock,1,train
C:\Users\pedse\Desktop\DIPagrindai\lab3\images\paper\CrEzO2508GiIMFrx.png,CrEzO2508GiIMFrx.png,paper,0,train
C:\Users\pedse\Desktop\DIPagrindai\lab3\images\rock\Jgjf4Q4LunuuLJKq.png,Jgjf4Q4LunuuLJKq.png,rock,1,train
C:\Users\pedse\Desktop\DIPagrindai\lab3\images\paper\C0WynzBAhXQGSywJ.png,C0WynzBAhXQGSywJ.png,paper,0,train
C:\Users\pedse\Desktop\DIPagrindai\lab3\images\paper\Z4HE3jW7SMOonYFA.png,Z4HE3jW7SMOonYFA.png,paper,0,train
C:\Users\pedse\Desktop\DIPagrindai\lab3\images\paper\SsvKZDW23vRQMUtA.png,SsvKZDW23vRQMUtA.png,paper,0,train
C:\Users\pedse\Desktop\DIPagrindai\lab3\images\paper\Lui3J5YhKgMvk673.png,Lui3J5YhKgMvk673.png,paper,0,train
C:\Users\pedse\Desktop\DIPagrindai\lab3\images\rock\gaZKijiVXyjhSLYp.png,gaZKijiVXyjhSLYp.png,rock,1,train
C:\Users\pedse\Desktop\DIPagrindai\lab3\images\rock\AiAPUXqX24FjC0mU.png,AiAPUXqX24FjC0mU.png,rock,1,train
C:\Users\pedse\Desktop\DIPagrindai\lab3\images\rock\OYgsl2meK8nj0c8l.png,OYgsl2meK8nj0c8l.png,rock,1,train
C:\Users\pedse\Desktop\DIPagrindai\lab3\images\rock\O5iExVmt45IRGquU.png,O5iExVmt45IRGquU.png,rock,1,train
C:\Users\pedse\Desktop\DIPagrindai\lab3\images\rock\IIRbCSbDRuQjm456.png,IIRbCSbDRuQjm456.png,rock,1,train
C:\Users\pedse\Desktop\DIPagrindai\lab3\images\paper\kdPdOkLZZW1UnOPw.png,kdPdOkLZZW1UnOPw.png,paper,0,train
C:\Users\pedse\Desktop\DIPagrindai\lab3\images\paper\9v75qnx8zdeAAOq6.png,9v75qnx8zdeAAOq6.png,paper,0,train
C:\Users\pedse\Desktop\DIPagrindai\lab3\images\scissors\JOwOktLqjDF0qFIW.png,JOwOktLqjDF0qFIW.png,scissors,2,train
C:\Users\pedse\Desktop\DIPagrindai\lab3\images\scissors\Nu7zmg5BP4aU3e3Y.png,Nu7zmg5BP4aU3e3Y.png,scissors,2,train
C:\Users\pedse\Desktop\DIPagrindai\lab3\images\rock\5QHZzfwp2xJXckQb.png,5QHZzfwp2xJXckQb.png,rock,1,train
C:\Users\pedse\Desktop\DIPagrindai\lab3\images\scissors\poCFGCxA1Vb8ucxm.png,poCFGCxA1Vb8ucxm.png,scissors,2,train
C:\Users\pedse\Desktop\DIPagrindai\lab3\images\scissors\gLvAPtEJW1Ff5KLX.png,gLvAPtEJW1Ff5KLX.png,scissors,2,train
C:\Users\pedse\Desktop\DIPagrindai\lab3\images\scissors\uFQ3SN5QxNyXoBmx.png,uFQ3SN5QxNyXoBmx.png,scissors,2,train
C:\Users\pedse\Desktop\DIPagrindai\lab3\images\paper\lZkRVz5sifz7CD66.png,lZkRVz5sifz7CD66.png,paper,0,train
C:\Users\pedse\Desktop\DIPagrindai\lab3\images\paper\v6wOWeRyh3Sv5BXo.png,v6wOWeRyh3Sv5BXo.png,paper,0,train
C:\Users\pedse\Desktop\DIPagrindai\lab3\images\rock\YllhyQANozETi3MM.png,YllhyQANozETi3MM.png,rock,1,train
C:\Users\pedse\Desktop\DIPagrindai\lab3\images\paper\6NzgMmSELzk3WtZh.png,6NzgMmSELzk3WtZh.png,paper,0,train
C:\Users\pedse\Desktop\DIPagrindai\lab3\images\scissors\ZyZeKfG5s1J9Qn64.png,ZyZeKfG5s1J9Qn64.png,scissors,2,train
C:\Users\pedse\Desktop\DIPagrindai\lab3\images\scissors\tvxYEibqtUm3woXx.png,tvxYEibqtUm3woXx.png,scissors,2,train
C:\Users\pedse\Desktop\DIPagrindai\lab3\images\paper\qbWKhamyFLSmXCgZ.png,qbWKhamyFLSmXCgZ.png,paper,0,train
C:\Users\pedse\Desktop\DIPagrindai\lab3\images\scissors\Y5XFnk5x9pi67RxA.png,Y5XFnk5x9pi67RxA.png,scissors,2,train
C:\Users\pedse\Desktop\DIPagrindai\lab3\images\rock\5cJA6BncdVbygRNL.png,5cJA6BncdVbygRNL.png,rock,1,train
C:\Users\pedse\Desktop\DIPagrindai\lab3\images\rock\E4kPnJ376NIwG4Mh.png,E4kPnJ376NIwG4Mh.png,rock,1,train
C:\Users\pedse\Desktop\DIPagrindai\lab3\images\rock\GwUjjywvFAhLUYYm.png,GwUjjywvFAhLUYYm.png,rock,1,train
C:\Users\pedse\Desktop\DIPagrindai\lab3\images\rock\gN9QXTe8BSMMHyAn.png,gN9QXTe8BSMMHyAn.png,rock,1,train
C:\Users\pedse\Desktop\DIPagrindai\lab3\images\scissors\MPiImIdtqCEKxDbP.png,MPiImIdtqCEKxDbP.png,scissors,2,train
C:\Users\pedse\Desktop\DIPagrindai\lab3\images\paper\NwbFl4nQqE5pm5PZ.png,NwbFl4nQqE5pm5PZ.png,paper,0,train
C:\Users\pedse\Desktop\DIPagrindai\lab3\images\rock\JqR15GsfOszxXGP2.png,JqR15GsfOszxXGP2.png,rock,1,train
C:\Users\pedse\Desktop\DIPagrindai\lab3\images\scissors\WCJ45vWIRykFDXkA.png,WCJ45vWIRykFDXkA.png,scissors,2,train
C:\Users\pedse\Desktop\DIPagrindai\lab3\images\paper\2DQbLQfHlfrcATqi.png,2DQbLQfHlfrcATqi.png,paper,0,train
C:\Users\pedse\Desktop\DIPagrindai\lab3\images\scissors\JNPDbgVUhQbrurMZ.png,JNPDbgVUhQbrurMZ.png,scissors,2,train
C:\Users\pedse\Desktop\DIPagrindai\lab3\images\scissors\asi6ZQCskd51eHm1.png,asi6ZQCskd51eHm1.png,scissors,2,train
C:\Users\pedse\Desktop\DIPagrindai\lab3\images\rock\2uxDLQKemRqulhIx.png,2uxDLQKemRqulhIx.png,rock,1,train
C:\Users\pedse\Desktop\DIPagrindai\lab3\images\rock\z2NDPC5oc02bXnnK.png,z2NDPC5oc02bXnnK.png,rock,1,train
C:\Users\pedse\Desktop\DIPagrindai\lab3\images\scissors\7vtC68OSHd1FZJvN.png,7vtC68OSHd1FZJvN.png,scissors,2,train
C:\Users\pedse\Desktop\DIPagrindai\lab3\images\paper\nsbCG572TtIVkjKn.png,nsbCG572TtIVkjKn.png,paper,0,train
C:\Users\pedse\Desktop\DIPagrindai\lab3\images\scissors\DH7iguASbWIzzBnT.png,DH7iguASbWIzzBnT.png,scissors,2,train
C:\Users\pedse\Desktop\DIPagrindai\lab3\images\scissors\NfmReZcDjjo6EJ3z.png,NfmReZcDjjo6EJ3z.png,scissors,2,train
C:\Users\pedse\Desktop\DIPagrindai\lab3\images\paper\wBUGgxpeb0gggcTx.png,wBUGgxpeb0gggcTx.png,paper,0,train
C:\Users\pedse\Desktop\DIPagrindai\lab3\images\rock\6QrCGRwuFLPn0VIH.png,6QrCGRwuFLPn0VIH.png,rock,1,train
C:\Users\pedse\Desktop\DIPagrindai\lab3\images\scissors\1xkTkvyzmavV7lQ5.png,1xkTkvyzmavV7lQ5.png,scissors,2,train
C:\Users\pedse\Desktop\DIPagrindai\lab3\images\rock\F9aco7lZecystG3Z.png,F9aco7lZecystG3Z.png,rock,1,train
C:\Users\pedse\Desktop\DIPagrindai\lab3\images\rock\J5ZDRE5Cp9jyHs7s.png,J5ZDRE5Cp9jyHs7s.png,rock,1,train
C:\Users\pedse\Desktop\DIPagrindai\lab3\images\rock\hyWWmz1OwgoE5JlU.png,hyWWmz1OwgoE5JlU.png,rock,1,train
C:\Users\pedse\Desktop\DIPagrindai\lab3\images\scissors\ePMywMOdTHYyxe1o.png,ePMywMOdTHYyxe1o.png,scissors,2,train
C:\Users\pedse\Desktop\DIPagrindai\lab3\images\rock\oO3NO14nRLCUNjuZ.png,oO3NO14nRLCUNjuZ.png,rock,1,train
C:\Users\pedse\Desktop\DIPagrindai\lab3\images\rock\nu556y52qDHFKRYy.png,nu556y52qDHFKRYy.png,rock,1,train
C:\Users\pedse\Desktop\DIPagrindai\lab3\images\rock\2affjOmZChc9AXpR.png,2affjOmZChc9AXpR.png,rock,1,train
C:\Users\pedse\Desktop\DIPagrindai\lab3\images\rock\pBRSGgUENwGb83VQ.png,pBRSGgUENwGb83VQ.png,rock,1,train
C:\Users\pedse\Desktop\DIPagrindai\lab3\images\paper\3JN7OPsnxDBpcVeD.png,3JN7OPsnxDBpcVeD.png,paper,0,train
C:\Users\pedse\Desktop\DIPagrindai\lab3\images\paper\Ih5Z5Z3xFZ17IcZS.png,Ih5Z5Z3xFZ17IcZS.png,paper,0,train
C:\Users\pedse\Desktop\DIPagrindai\lab3\images\rock\rit0UhP5HizIFoJA.png,rit0UhP5HizIFoJA.png,rock,1,train
C:\Users\pedse\Desktop\DIPagrindai\lab3\images\scissors\PObNJKVS6CGp8t2M.png,PObNJKVS6CGp8t2M.png,scissors,2,train
C:\Users\pedse\Desktop\DIPagrindai\lab3\images\paper\6OhEpnz0QxBCfbXE.png,6OhEpnz0QxBCfbXE.png,paper,0,train
C:\Users\pedse\Desktop\DIPagrindai\lab3\images\rock\yQIWMi6PpMKRMZaa.png,yQIWMi6PpMKRMZaa.png,rock,1,train
C:\Users\pedse\Desktop\DIPagrindai\lab3\images\rock\Ym1qa4AJM9udyyyL.png,Ym1qa4AJM9udyyyL.png,rock,1,train
C:\Users\pedse\Desktop\DIPagrindai\lab3\images\scissors\JKlTmX8oKzganNsN.png,JKlTmX8oKzganNsN.png,scissors,2,train
C:\Users\pedse\Desktop\DIPagrindai\lab3\images\scissors\AORIZvib6x3RaA82.png,AORIZvib6x3RaA82.png,scissors,2,train
C:\Users\pedse\Desktop\DIPagrindai\lab3\images\paper\Gc4hUsoFAQBdulGg.png,Gc4hUsoFAQBdulGg.png,paper,0,train
C:\Users\pedse\Desktop\DIPagrindai\lab3\images\paper\4aWP3XumkgwZtqZ7.png,4aWP3XumkgwZtqZ7.png,paper,0,train
C:\Users\pedse\Desktop\DIPagrindai\lab3\images\paper\h4yYJuwG5dUXEY1B.png,h4yYJuwG5dUXEY1B.png,paper,0,train
C:\Users\pedse\Desktop\DIPagrindai\lab3\images\rock\HAz9geTMx5aynaaE.png,HAz9geTMx5aynaaE.png,rock,1,train
C:\Users\pedse\Desktop\DIPagrindai\lab3\images\paper\a0CaFEDoDB7qeyhN.png,a0CaFEDoDB7qeyhN.png,paper,0,train
C:\Users\pedse\Desktop\DIPagrindai\lab3\images\scissors\szaSwJITsIY88vQk.png,szaSwJITsIY88vQk.png,scissors,2,train
C:\Users\pedse\Desktop\DIPagrindai\lab3\images\paper\zrZmvRbPtB57a4Vr.png,zrZmvRbPtB57a4Vr.png,paper,0,train
C:\Users\pedse\Desktop\DIPagrindai\lab3\images\rock\QSPgUc6QCA1kNLin.png,QSPgUc6QCA1kNLin.png,rock,1,train
C:\Users\pedse\Desktop\DIPagrindai\lab3\images\rock\i5FY2iOcMjYyop5u.png,i5FY2iOcMjYyop5u.png,rock,1,train
C:\Users\pedse\Desktop\DIPagrindai\lab3\images\paper\Zo0eTAGaUb4ewSkf.png,Zo0eTAGaUb4ewSkf.png,paper,0,train
C:\Users\pedse\Desktop\DIPagrindai\lab3\images\scissors\dpBDoATNj0ZtqSz3.png,dpBDoATNj0ZtqSz3.png,scissors,2,train
C:\Users\pedse\Desktop\DIPagrindai\lab3\images\scissors\0zoQAmDFXehOZsAp.png,0zoQAmDFXehOZsAp.png,scissors,2,train
C:\Users\pedse\Desktop\DIPagrindai\lab3\images\scissors\2M8LvUBGMOH1bsaz.png,2M8LvUBGMOH1bsaz.png,scissors,2,train
C:\Users\pedse\Desktop\DIPagrindai\lab3\images\paper\yB11HwUEuYHhVlKo.png,yB11HwUEuYHhVlKo.png,paper,0,train
C:\Users\pedse\Desktop\DIPagrindai\lab3\images\paper\OJpDyt2u6zzfoVP0.png,OJpDyt2u6zzfoVP0.png,paper,0,train
C:\Users\pedse\Desktop\DIPagrindai\lab3\images\rock\xc9iqz3P8tF5YdCG.png,xc9iqz3P8tF5YdCG.png,rock,1,train
C:\Users\pedse\Desktop\DIPagrindai\lab3\images\paper\raSxG3GjqMrYHvgW.png,raSxG3GjqMrYHvgW.png,paper,0,train
C:\Users\pedse\Desktop\DIPagrindai\lab3\images\paper\0eqArS2GgsBeqgSn.png,0eqArS2GgsBeqgSn.png,paper,0,train
C:\Users\pedse\Desktop\DIPagrindai\lab3\images\scissors\nukdu4gV8vol1FY9.png,nukdu4gV8vol1FY9.png,scissors,2,train
C:\Users\pedse\Desktop\DIPagrindai\lab3\images\paper\NLwrHPTaiNSMjHLX.png,NLwrHPTaiNSMjHLX.png,paper,0,train
C:\Users\pedse\Desktop\DIPagrindai\lab3\images\paper\Ze6bn38U5XECyORF.png,Ze6bn38U5XECyORF.png,paper,0,train
C:\Users\pedse\Desktop\DIPagrindai\lab3\images\rock\O5SEqKQq5Ui3pS57.png,O5SEqKQq5Ui3pS57.png,rock,1,train
C:\Users\pedse\Desktop\DIPagrindai\lab3\images\scissors\8AR7dUmrz9jcFrHu.png,8AR7dUmrz9jcFrHu.png,scissors,2,train
C:\Users\pedse\Desktop\DIPagrindai\lab3\images\scissors\H9H5HhYMY6vhEUJ4.png,H9H5HhYMY6vhEUJ4.png,scissors,2,train
C:\Users\pedse\Desktop\DIPagrindai\lab3\images\scissors\UDihI8vQDjvGJRjO.png,UDihI8vQDjvGJRjO.png,scissors,2,train
C:\Users\pedse\Desktop\DIPagrindai\lab3\images\rock\lb0hZJ95AjtXzoHf.png,lb0hZJ95AjtXzoHf.png,rock,1,train
C:\Users\pedse\Desktop\DIPagrindai\lab3\images\rock\1MOm36DHK0R8OfIC.png,1MOm36DHK0R8OfIC.png,rock,1,train
C:\Users\pedse\Desktop\DIPagrindai\lab3\images\paper\LEA78quc0fi2hq9W.png,LEA78quc0fi2hq9W.png,paper,0,train
C:\Users\pedse\Desktop\DIPagrindai\lab3\images\rock\rYuqHIlnoFtZQJGg.png,rYuqHIlnoFtZQJGg.png,rock,1,train
C:\Users\pedse\Desktop\DIPagrindai\lab3\images\paper\eW9ezZkV7Jxu1BEk.png,eW9ezZkV7Jxu1BEk.png,paper,0,train
C:\Users\pedse\Desktop\DIPagrindai\lab3\images\rock\L1nqVqYSFwToHPKG.png,L1nqVqYSFwToHPKG.png,rock,1,train
C:\Users\pedse\Desktop\DIPagrindai\lab3\images\scissors\I17M0iKd7oKgMtDw.png,I17M0iKd7oKgMtDw.png,scissors,2,train
C:\Users\pedse\Desktop\DIPagrindai\lab3\images\rock\U4HuPlTKsnXYExzJ.png,U4HuPlTKsnXYExzJ.png,rock,1,train
C:\Users\pedse\Desktop\DIPagrindai\lab3\images\rock\qCzy78clSmCmt5Uv.png,qCzy78clSmCmt5Uv.png,rock,1,train
C:\Users\pedse\Desktop\DIPagrindai\lab3\images\scissors\i5CZnAPMNTZtM13A.png,i5CZnAPMNTZtM13A.png,scissors,2,train
C:\Users\pedse\Desktop\DIPagrindai\lab3\images\scissors\Vn28McGu6NtjoMsb.png,Vn28McGu6NtjoMsb.png,scissors,2,train
C:\Users\pedse\Desktop\DIPagrindai\lab3\images\scissors\9A40U8awLxJ2lf1E.png,9A40U8awLxJ2lf1E.png,scissors,2,train
C:\Users\pedse\Desktop\DIPagrindai\lab3\images\rock\8pxbBnbfqzX3ijVM.png,8pxbBnbfqzX3ijVM.png,rock,1,train
C:\Users\pedse\Desktop\DIPagrindai\lab3\images\rock\DxBmPozYTIgMWX7j.png,DxBmPozYTIgMWX7j.png,rock,1,train
C:\Users\pedse\Desktop\DIPagrindai\lab3\images\rock\BvjXvNTvapIFq4bK.png,BvjXvNTvapIFq4bK.png,rock,1,train
C:\Users\pedse\Desktop\DIPagrindai\lab3\images\scissors\0657zSfiTYzP2jrl.png,0657zSfiTYzP2jrl.png,scissors,2,train
C:\Users\pedse\Desktop\DIPagrindai\lab3\images\scissors\1WX9KKoq0nkWiTxI.png,1WX9KKoq0nkWiTxI.png,scissors,2,train
C:\Users\pedse\Desktop\DIPagrindai\lab3\images\paper\y2auZRkrUIi0wvd2.png,y2auZRkrUIi0wvd2.png,paper,0,train
C:\Users\pedse\Desktop\DIPagrindai\lab3\images\rock\CKLOvn69epi2Qcxg.png,CKLOvn69epi2Qcxg.png,rock,1,train
C:\Users\pedse\Desktop\DIPagrindai\lab3\images\paper\b15QGB4XPECDemV5.png,b15QGB4XPECDemV5.png,paper,0,train
C:\Users\pedse\Desktop\DIPagrindai\lab3\images\scissors\gzRmdTIFRzV34Vjl.png,gzRmdTIFRzV34Vjl.png,scissors,2,train
C:\Users\pedse\Desktop\DIPagrindai\lab3\images\rock\o2a42Or5QnATFbf7.png,o2a42Or5QnATFbf7.png,rock,1,train
C:\Users\pedse\Desktop\DIPagrindai\lab3\images\rock\1UXuUYJ4rVj2eSvt.png,1UXuUYJ4rVj2eSvt.png,rock,1,train
C:\Users\pedse\Desktop\DIPagrindai\lab3\images\scissors\tpIDNu7Hg6k1SZef.png,tpIDNu7Hg6k1SZef.png,scissors,2,train
C:\Users\pedse\Desktop\DIPagrindai\lab3\images\rock\rrf0pB5CgUgAmucg.png,rrf0pB5CgUgAmucg.png,rock,1,train
C:\Users\pedse\Desktop\DIPagrindai\lab3\images\rock\poJARbX3gvvFDPXQ.png,poJARbX3gvvFDPXQ.png,rock,1,train
C:\Users\pedse\Desktop\DIPagrindai\lab3\images\scissors\TNOQ2IEy4C6LBSD1.png,TNOQ2IEy4C6LBSD1.png,scissors,2,train
C:\Users\pedse\Desktop\DIPagrindai\lab3\images\rock\ZWrzVOGgkuKQRDnQ.png,ZWrzVOGgkuKQRDnQ.png,rock,1,train
C:\Users\pedse\Desktop\DIPagrindai\lab3\images\scissors\xQL4A9bjTuJuFj5K.png,xQL4A9bjTuJuFj5K.png,scissors,2,train
C:\Users\pedse\Desktop\DIPagrindai\lab3\images\rock\yoses2FRtQruYUYE.png,yoses2FRtQruYUYE.png,rock,1,train
C:\Users\pedse\Desktop\DIPagrindai\lab3\images\rock\fiivFS9iUjynQIB5.png,fiivFS9iUjynQIB5.png,rock,1,train
C:\Users\pedse\Desktop\DIPagrindai\lab3\images\paper\fiX6rjBt5qHGMsjc.png,fiX6rjBt5qHGMsjc.png,paper,0,train
C:\Users\pedse\Desktop\DIPagrindai\lab3\images\scissors\sUi91SccB2jXsjyd.png,sUi91SccB2jXsjyd.png,scissors,2,train
C:\Users\pedse\Desktop\DIPagrindai\lab3\images\scissors\hJuytZrZ7fR1CWyi.png,hJuytZrZ7fR1CWyi.png,scissors,2,train
C:\Users\pedse\Desktop\DIPagrindai\lab3\images\paper\UGHu0zv6pWOmgBWn.png,UGHu0zv6pWOmgBWn.png,paper,0,train
C:\Users\pedse\Desktop\DIPagrindai\lab3\images\rock\IY007WkIgMgYMJRj.png,IY007WkIgMgYMJRj.png,rock,1,train
C:\Users\pedse\Desktop\DIPagrindai\lab3\images\paper\FwR0aXsgOZ5KHDjH.png,FwR0aXsgOZ5KHDjH.png,paper,0,train
C:\Users\pedse\Desktop\DIPagrindai\lab3\images\rock\32PDtFdAkUiAJbmP.png,32PDtFdAkUiAJbmP.png,rock,1,train
C:\Users\pedse\Desktop\DIPagrindai\lab3\images\scissors\twG9gv5cSKwb2CqR.png,twG9gv5cSKwb2CqR.png,scissors,2,train
C:\Users\pedse\Desktop\DIPagrindai\lab3\images\scissors\N40rvDyvPIoApxTW.png,N40rvDyvPIoApxTW.png,scissors,2,train
C:\Users\pedse\Desktop\DIPagrindai\lab3\images\rock\VnSCn5IIg7m8d9Os.png,VnSCn5IIg7m8d9Os.png,rock,1,train
C:\Users\pedse\Desktop\DIPagrindai\lab3\images\scissors\zyml8p6mHzWWJTyw.png,zyml8p6mHzWWJTyw.png,scissors,2,train
C:\Users\pedse\Desktop\DIPagrindai\lab3\images\rock\6ZuyUqrA3gcHdfCe.png,6ZuyUqrA3gcHdfCe.png,rock,1,train
C:\Users\pedse\Desktop\DIPagrindai\lab3\images\rock\Vt8bxMbkU4svFwyN.png,Vt8bxMbkU4svFwyN.png,rock,1,train
C:\Users\pedse\Desktop\DIPagrindai\lab3\images\rock\lZcZsaDTx2vWJFun.png,lZcZsaDTx2vWJFun.png,rock,1,train
C:\Users\pedse\Desktop\DIPagrindai\lab3\images\paper\vUtM1pR6f5ZdEn5a.png,vUtM1pR6f5ZdEn5a.png,paper,0,train
C:\Users\pedse\Desktop\DIPagrindai\lab3\images\rock\82wZr9Bpl9vfsoG1.png,82wZr9Bpl9vfsoG1.png,rock,1,train
C:\Users\pedse\Desktop\DIPagrindai\lab3\images\scissors\JlHdrLmHFDNY7Cy2.png,JlHdrLmHFDNY7Cy2.png,scissors,2,train
C:\Users\pedse\Desktop\DIPagrindai\lab3\images\rock\Wq3GbJvvJWcF9OoW.png,Wq3GbJvvJWcF9OoW.png,rock,1,train
C:\Users\pedse\Desktop\DIPagrindai\lab3\images\scissors\sjx49D4yv4AIXKCy.png,sjx49D4yv4AIXKCy.png,scissors,2,train
C:\Users\pedse\Desktop\DIPagrindai\lab3\images\scissors\lMMb00aQLU5FP5rd.png,lMMb00aQLU5FP5rd.png,scissors,2,train
C:\Users\pedse\Desktop\DIPagrindai\lab3\images\rock\aZ8XOOHozlep9lS2.png,aZ8XOOHozlep9lS2.png,rock,1,train
C:\Users\pedse\Desktop\DIPagrindai\lab3\images\rock\WB7EanJC16YLgogF.png,WB7EanJC16YLgogF.png,rock,1,train
C:\Users\pedse\Desktop\DIPagrindai\lab3\images\scissors\uM6obPsz0ALWxBjQ.png,uM6obPsz0ALWxBjQ.png,scissors,2,train
C:\Users\pedse\Desktop\DIPagrindai\lab3\images\scissors\MFlCOcvmOe3jejwy.png,MFlCOcvmOe3jejwy.png,scissors,2,train
C:\Users\pedse\Desktop\DIPagrindai\lab3\images\rock\qKPJSQplDj0grFPp.png,qKPJSQplDj0grFPp.png,rock,1,train
C:\Users\pedse\Desktop\DIPagrindai\lab3\images\paper\7YbjJFHGHPhJQFvE.png,7YbjJFHGHPhJQFvE.png,paper,0,train
C:\Users\pedse\Desktop\DIPagrindai\lab3\images\paper\zGty6p4zGTzRip73.png,zGty6p4zGTzRip73.png,paper,0,train
C:\Users\pedse\Desktop\DIPagrindai\lab3\images\paper\QnjBVl6cFnyd2hVF.png,QnjBVl6cFnyd2hVF.png,paper,0,train
C:\Users\pedse\Desktop\DIPagrindai\lab3\images\rock\Mhco9qeEh5TV83cQ.png,Mhco9qeEh5TV83cQ.png,rock,1,train
C:\Users\pedse\Desktop\DIPagrindai\lab3\images\rock\DFi1cIxsQrXxIoWn.png,DFi1cIxsQrXxIoWn.png,rock,1,train
C:\Users\pedse\Desktop\DIPagrindai\lab3\images\scissors\ksWe2SZsjOoLAzf5.png,ksWe2SZsjOoLAzf5.png,scissors,2,train
C:\Users\pedse\Desktop\DIPagrindai\lab3\images\paper\e50cckZL8BKmqzjd.png,e50cckZL8BKmqzjd.png,paper,0,train
C:\Users\pedse\Desktop\DIPagrindai\lab3\images\scissors\o3uLvDdBwKBY9793.png,o3uLvDdBwKBY9793.png,scissors,2,train
C:\Users\pedse\Desktop\DIPagrindai\lab3\images\scissors\FyZeQAif9VpbknFi.png,FyZeQAif9VpbknFi.png,scissors,2,train
C:\Users\pedse\Desktop\DIPagrindai\lab3\images\rock\qnvJFE0EKgfw4xr8.png,qnvJFE0EKgfw4xr8.png,rock,1,train
C:\Users\pedse\Desktop\DIPagrindai\lab3\images\paper\HTSIUeIA1IQrHtHu.png,HTSIUeIA1IQrHtHu.png,paper,0,train
C:\Users\pedse\Desktop\DIPagrindai\lab3\images\scissors\Ct3DVjkYKTia5Xq9.png,Ct3DVjkYKTia5Xq9.png,scissors,2,train
C:\Users\pedse\Desktop\DIPagrindai\lab3\images\scissors\4hvoLYY28SGuZCEI.png,4hvoLYY28SGuZCEI.png,scissors,2,train
C:\Users\pedse\Desktop\DIPagrindai\lab3\images\scissors\2EeIeEe1P0a0Fi9v.png,2EeIeEe1P0a0Fi9v.png,scissors,2,train
C:\Users\pedse\Desktop\DIPagrindai\lab3\images\rock\Mwr4GgRRk6BgHDVL.png,Mwr4GgRRk6BgHDVL.png,rock,1,train
C:\Users\pedse\Desktop\DIPagrindai\lab3\images\rock\nrJIuJU8hyHoYzy5.png,nrJIuJU8hyHoYzy5.png,rock,1,train
C:\Users\pedse\Desktop\DIPagrindai\lab3\images\rock\19H63c0MWD56EWNq.png,19H63c0MWD56EWNq.png,rock,1,train
C:\Users\pedse\Desktop\DIPagrindai\lab3\images\scissors\AgfZ2awwDPr3d50b.png,AgfZ2awwDPr3d50b.png,scissors,2,train
C:\Users\pedse\Desktop\DIPagrindai\lab3\images\paper\Af7KstxKjdhzUQyk.png,Af7KstxKjdhzUQyk.png,paper,0,train
C:\Users\pedse\Desktop\DIPagrindai\lab3\images\rock\Gq8pcFEIriCTMoBY.png,Gq8pcFEIriCTMoBY.png,rock,1,train
C:\Users\pedse\Desktop\DIPagrindai\lab3\images\scissors\EBh8bZgOANio5kQw.png,EBh8bZgOANio5kQw.png,scissors,2,train
C:\Users\pedse\Desktop\DIPagrindai\lab3\images\paper\RmTijOM3U31zKnrY.png,RmTijOM3U31zKnrY.png,paper,0,train
C:\Users\pedse\Desktop\DIPagrindai\lab3\images\scissors\JraYBjsfVGokNFhR.png,JraYBjsfVGokNFhR.png,scissors,2,train
C:\Users\pedse\Desktop\DIPagrindai\lab3\images\scissors\Jqu0bjUyPoEcMNhN.png,Jqu0bjUyPoEcMNhN.png,scissors,2,train
C:\Users\pedse\Desktop\DIPagrindai\lab3\images\scissors\3UH9T0W1eZQW36xF.png,3UH9T0W1eZQW36xF.png,scissors,2,train
C:\Users\pedse\Desktop\DIPagrindai\lab3\images\scissors\0Ug54ifXRqqlZS2Z.png,0Ug54ifXRqqlZS2Z.png,scissors,2,train
C:\Users\pedse\Desktop\DIPagrindai\lab3\images\paper\zz1yffW197uYO6DI.png,zz1yffW197uYO6DI.png,paper,0,train
C:\Users\pedse\Desktop\DIPagrindai\lab3\images\paper\s73bLQf6K0lw4RDJ.png,s73bLQf6K0lw4RDJ.png,paper,0,train
C:\Users\pedse\Desktop\DIPagrindai\lab3\images\scissors\6CyIuv1pvHDwTWmR.png,6CyIuv1pvHDwTWmR.png,scissors,2,train
C:\Users\pedse\Desktop\DIPagrindai\lab3\images\paper\a9SyLOjQZE4llCvX.png,a9SyLOjQZE4llCvX.png,paper,0,train
C:\Users\pedse\Desktop\DIPagrindai\lab3\images\scissors\tVigGbWgM7Rp9ic4.png,tVigGbWgM7Rp9ic4.png,scissors,2,train
C:\Users\pedse\Desktop\DIPagrindai\lab3\images\paper\Lq77eAG8OPaizwEd.png,Lq77eAG8OPaizwEd.png,paper,0,train
C:\Users\pedse\Desktop\DIPagrindai\lab3\images\scissors\TklTtKIVRWh2HA94.png,TklTtKIVRWh2HA94.png,scissors,2,train
C:\Users\pedse\Desktop\DIPagrindai\lab3\images\rock\nrRw9O00nT1ZeOJh.png,nrRw9O00nT1ZeOJh.png,rock,1,train
C:\Users\pedse\Desktop\DIPagrindai\lab3\images\rock\2NmrcDGkc7FQuu12.png,2NmrcDGkc7FQuu12.png,rock,1,train
C:\Users\pedse\Desktop\DIPagrindai\lab3\images\paper\JUn3VuVCoOKC5Nv2.png,JUn3VuVCoOKC5Nv2.png,paper,0,train
C:\Users\pedse\Desktop\DIPagrindai\lab3\images\rock\7Dh4gBDJVdP9tTLr.png,7Dh4gBDJVdP9tTLr.png,rock,1,train
C:\Users\pedse\Desktop\DIPagrindai\lab3\images\paper\7w91NsCtVzsPOSYB.png,7w91NsCtVzsPOSYB.png,paper,0,train
C:\Users\pedse\Desktop\DIPagrindai\lab3\images\paper\Y0XtXW0pn979O6KK.png,Y0XtXW0pn979O6KK.png,paper,0,train
C:\Users\pedse\Desktop\DIPagrindai\lab3\images\paper\vHbB53ZFtZoNcvAM.png,vHbB53ZFtZoNcvAM.png,paper,0,train
C:\Users\pedse\Desktop\DIPagrindai\lab3\images\paper\gO7yxcP6H1vZ7lOe.png,gO7yxcP6H1vZ7lOe.png,paper,0,train
C:\Users\pedse\Desktop\DIPagrindai\lab3\images\scissors\3n4i3lKB3nZOpDVv.png,3n4i3lKB3nZOpDVv.png,scissors,2,train
C:\Users\pedse\Desktop\DIPagrindai\lab3\images\scissors\yAEtN7WUvS5S1Cmy.png,yAEtN7WUvS5S1Cmy.png,scissors,2,train
C:\Users\pedse\Desktop\DIPagrindai\lab3\images\paper\ATs4aFUIODixPnMI.png,ATs4aFUIODixPnMI.png,paper,0,train
C:\Users\pedse\Desktop\DIPagrindai\lab3\images\scissors\rGgiaJArxCsrf5RK.png,rGgiaJArxCsrf5RK.png,scissors,2,train
C:\Users\pedse\Desktop\DIPagrindai\lab3\images\paper\kmBByXdkwf5Vro8P.png,kmBByXdkwf5Vro8P.png,paper,0,train
C:\Users\pedse\Desktop\DIPagrindai\lab3\images\paper\dIg7Ds4xEzk0pyWZ.png,dIg7Ds4xEzk0pyWZ.png,paper,0,train
C:\Users\pedse\Desktop\DIPagrindai\lab3\images\scissors\ZKG6hW0U101PcEoo.png,ZKG6hW0U101PcEoo.png,scissors,2,train
C:\Users\pedse\Desktop\DIPagrindai\lab3\images\paper\DBriMZZSZtYea72l.png,DBriMZZSZtYea72l.png,paper,0,train
C:\Users\pedse\Desktop\DIPagrindai\lab3\images\rock\p8g7qteM8iFK1Mdp.png,p8g7qteM8iFK1Mdp.png,rock,1,train
C:\Users\pedse\Desktop\DIPagrindai\lab3\images\scissors\IEE3kJIfbClsf54v.png,IEE3kJIfbClsf54v.png,scissors,2,train
C:\Users\pedse\Desktop\DIPagrindai\lab3\images\paper\AtfMvZ19yfJJZapD.png,AtfMvZ19yfJJZapD.png,paper,0,train
C:\Users\pedse\Desktop\DIPagrindai\lab3\images\rock\KYa6DwgYNkoUZhMp.png,KYa6DwgYNkoUZhMp.png,rock,1,train
C:\Users\pedse\Desktop\DIPagrindai\lab3\images\rock\MMeqszriRcb0Ljc6.png,MMeqszriRcb0Ljc6.png,rock,1,train
C:\Users\pedse\Desktop\DIPagrindai\lab3\images\paper\DOuDihjhzIuZ2skd.png,DOuDihjhzIuZ2skd.png,paper,0,train
C:\Users\pedse\Desktop\DIPagrindai\lab3\images\paper\0cb6cVL8pkfi4wF6.png,0cb6cVL8pkfi4wF6.png,paper,0,train
C:\Users\pedse\Desktop\DIPagrindai\lab3\images\scissors\2J7q0JbqJrjmZC05.png,2J7q0JbqJrjmZC05.png,scissors,2,train
C:\Users\pedse\Desktop\DIPagrindai\lab3\images\paper\B3dlyiRDulDJWOsW.png,B3dlyiRDulDJWOsW.png,paper,0,train
C:\Users\pedse\Desktop\DIPagrindai\lab3\images\scissors\kCoX1GxQ9o2ZhRy9.png,kCoX1GxQ9o2ZhRy9.png,scissors,2,train
C:\Users\pedse\Desktop\DIPagrindai\lab3\images\paper\Di7hVJMSS3DzbSTi.png,Di7hVJMSS3DzbSTi.png,paper,0,train
C:\Users\pedse\Desktop\DIPagrindai\lab3\images\scissors\SsNjRQhLfqyGZtkG.png,SsNjRQhLfqyGZtkG.png,scissors,2,train
C:\Users\pedse\Desktop\DIPagrindai\lab3\images\rock\fMQzh7RRM5fbtBiC.png,fMQzh7RRM5fbtBiC.png,rock,1,train
C:\Users\pedse\Desktop\DIPagrindai\lab3\images\scissors\JZXTU0Cv6A2WPuf5.png,JZXTU0Cv6A2WPuf5.png,scissors,2,train
C:\Users\pedse\Desktop\DIPagrindai\lab3\images\scissors\EWWFVEzkNulhftg2.png,EWWFVEzkNulhftg2.png,scissors,2,train
C:\Users\pedse\Desktop\DIPagrindai\lab3\images\paper\Qxx5l8WCNBjMb5xI.png,Qxx5l8WCNBjMb5xI.png,paper,0,train
C:\Users\pedse\Desktop\DIPagrindai\lab3\images\scissors\dLkgXxZJ7KFoD4Ky.png,dLkgXxZJ7KFoD4Ky.png,scissors,2,train
C:\Users\pedse\Desktop\DIPagrindai\lab3\images\scissors\W9JxpjHtiPBtRMT0.png,W9JxpjHtiPBtRMT0.png,scissors,2,train
C:\Users\pedse\Desktop\DIPagrindai\lab3\images\paper\nvCwoV9k3ym5N0JA.png,nvCwoV9k3ym5N0JA.png,paper,0,train
C:\Users\pedse\Desktop\DIPagrindai\lab3\images\paper\0vugygEjxQJPr9yz.png,0vugygEjxQJPr9yz.png,paper,0,train
C:\Users\pedse\Desktop\DIPagrindai\lab3\images\rock\IoVOalbQe90ghv9U.png,IoVOalbQe90ghv9U.png,rock,1,train
C:\Users\pedse\Desktop\DIPagrindai\lab3\images\rock\FFAcRoW2ejkNNheZ.png,FFAcRoW2ejkNNheZ.png,rock,1,train
C:\Users\pedse\Desktop\DIPagrindai\lab3\images\paper\90GH8JQWUw9PUnlA.png,90GH8JQWUw9PUnlA.png,paper,0,train
C:\Users\pedse\Desktop\DIPagrindai\lab3\images\rock\yeinQlqGeaqSgvoN.png,yeinQlqGeaqSgvoN.png,rock,1,train
C:\Users\pedse\Desktop\DIPagrindai\lab3\images\rock\hfNIdhXfFcNcv37n.png,hfNIdhXfFcNcv37n.png,rock,1,train
C:\Users\pedse\Desktop\DIPagrindai\lab3\images\scissors\PQTyLq9Esb7RzmzH.png,PQTyLq9Esb7RzmzH.png,scissors,2,train
C:\Users\pedse\Desktop\DIPagrindai\lab3\images\scissors\7jLYhf025vHEX7kp.png,7jLYhf025vHEX7kp.png,scissors,2,train
C:\Users\pedse\Desktop\DIPagrindai\lab3\images\paper\eQaNnPaHwKsOJaYq.png,eQaNnPaHwKsOJaYq.png,paper,0,train
C:\Users\pedse\Desktop\DIPagrindai\lab3\images\paper\dDtRH0QF7IPSsasH.png,dDtRH0QF7IPSsasH.png,paper,0,train
C:\Users\pedse\Desktop\DIPagrindai\lab3\images\paper\CxcQ3XRBjkkmZ9b8.png,CxcQ3XRBjkkmZ9b8.png,paper,0,train
C:\Users\pedse\Desktop\DIPagrindai\lab3\images\paper\oLcpS2BYyqZLBj9P.png,oLcpS2BYyqZLBj9P.png,paper,0,train
C:\Users\pedse\Desktop\DIPagrindai\lab3\images\rock\5Zca8AdXnpDvoz18.png,5Zca8AdXnpDvoz18.png,rock,1,train
C:\Users\pedse\Desktop\DIPagrindai\lab3\images\paper\B9PzXQbhzehhxFRN.png,B9PzXQbhzehhxFRN.png,paper,0,train
C:\Users\pedse\Desktop\DIPagrindai\lab3\images\scissors\syu2UUmhELg3nol9.png,syu2UUmhELg3nol9.png,scissors,2,train
C:\Users\pedse\Desktop\DIPagrindai\lab3\images\rock\nGW6IQjCFT5tCw6j.png,nGW6IQjCFT5tCw6j.png,rock,1,train
C:\Users\pedse\Desktop\DIPagrindai\lab3\images\paper\7UoLr02FuYuLrJxz.png,7UoLr02FuYuLrJxz.png,paper,0,train
C:\Users\pedse\Desktop\DIPagrindai\lab3\images\paper\Rxmuq5Y6dw22QESt.png,Rxmuq5Y6dw22QESt.png,paper,0,train
C:\Users\pedse\Desktop\DIPagrindai\lab3\images\rock\8vkvSVmLwxY1SH3p.png,8vkvSVmLwxY1SH3p.png,rock,1,train
C:\Users\pedse\Desktop\DIPagrindai\lab3\images\scissors\sZiHU8vzCRw4Z2jg.png,sZiHU8vzCRw4Z2jg.png,scissors,2,train
C:\Users\pedse\Desktop\DIPagrindai\lab3\images\rock\Z1iNm9ej2ER2TGtC.png,Z1iNm9ej2ER2TGtC.png,rock,1,train
C:\Users\pedse\Desktop\DIPagrindai\lab3\images\scissors\zdo3LHesq3aHmu1f.png,zdo3LHesq3aHmu1f.png,scissors,2,train
C:\Users\pedse\Desktop\DIPagrindai\lab3\images\paper\C5LDaiOquQm9mDVH.png,C5LDaiOquQm9mDVH.png,paper,0,train
C:\Users\pedse\Desktop\DIPagrindai\lab3\images\rock\2Pt5UNQkMzXLtbEp.png,2Pt5UNQkMzXLtbEp.png,rock,1,train
C:\Users\pedse\Desktop\DIPagrindai\lab3\images\scissors\OLq5gEcrMDGftxeG.png,OLq5gEcrMDGftxeG.png,scissors,2,train
C:\Users\pedse\Desktop\DIPagrindai\lab3\images\rock\d5fTHW3xnYsDhax5.png,d5fTHW3xnYsDhax5.png,rock,1,train
C:\Users\pedse\Desktop\DIPagrindai\lab3\images\paper\hWVwQVI74lc5zgyK.png,hWVwQVI74lc5zgyK.png,paper,0,train
C:\Users\pedse\Desktop\DIPagrindai\lab3\images\paper\XOWPFbuwpaJaEv9o.png,XOWPFbuwpaJaEv9o.png,paper,0,train
C:\Users\pedse\Desktop\DIPagrindai\lab3\images\rock\8zsAtTLXniXCu2Jx.png,8zsAtTLXniXCu2Jx.png,rock,1,train
C:\Users\pedse\Desktop\DIPagrindai\lab3\images\scissors\NInKk7uh3vNRuwCm.png,NInKk7uh3vNRuwCm.png,scissors,2,train
C:\Users\pedse\Desktop\DIPagrindai\lab3\images\scissors\56VICUKU6RgoLTHW.png,56VICUKU6RgoLTHW.png,scissors,2,train
C:\Users\pedse\Desktop\DIPagrindai\lab3\images\paper\nGxiCAryWhadfu7W.png,nGxiCAryWhadfu7W.png,paper,0,train
C:\Users\pedse\Desktop\DIPagrindai\lab3\images\scissors\mBHQsHWDcRvtLIKC.png,mBHQsHWDcRvtLIKC.png,scissors,2,train
C:\Users\pedse\Desktop\DIPagrindai\lab3\images\paper\zru6yFR3dqc3SymW.png,zru6yFR3dqc3SymW.png,paper,0,train
C:\Users\pedse\Desktop\DIPagrindai\lab3\images\paper\ZGLUqWHjarBly23b.png,ZGLUqWHjarBly23b.png,paper,0,train
C:\Users\pedse\Desktop\DIPagrindai\lab3\images\paper\Y8kfG3f6KJa1YJPA.png,Y8kfG3f6KJa1YJPA.png,paper,0,train
C:\Users\pedse\Desktop\DIPagrindai\lab3\images\paper\qsRQNgddFhV2Mlnn.png,qsRQNgddFhV2Mlnn.png,paper,0,train
C:\Users\pedse\Desktop\DIPagrindai\lab3\images\rock\Gyq9GJFTfF1vvOZ8.png,Gyq9GJFTfF1vvOZ8.png,rock,1,train
C:\Users\pedse\Desktop\DIPagrindai\lab3\images\scissors\uQLROCDZVtwVCXfm.png,uQLROCDZVtwVCXfm.png,scissors,2,train
C:\Users\pedse\Desktop\DIPagrindai\lab3\images\rock\XdWXMPZZwwXhwYGI.png,XdWXMPZZwwXhwYGI.png,rock,1,train
C:\Users\pedse\Desktop\DIPagrindai\lab3\images\scissors\ngrJl9cJoUVFdYwO.png,ngrJl9cJoUVFdYwO.png,scissors,2,train
C:\Users\pedse\Desktop\DIPagrindai\lab3\images\scissors\533ZH0WCaiOZO0nL.png,533ZH0WCaiOZO0nL.png,scissors,2,train
C:\Users\pedse\Desktop\DIPagrindai\lab3\images\rock\HiWw0r0djGMscUQD.png,HiWw0r0djGMscUQD.png,rock,1,train
C:\Users\pedse\Desktop\DIPagrindai\lab3\images\rock\tZFZV6hmUogDBeMl.png,tZFZV6hmUogDBeMl.png,rock,1,train
C:\Users\pedse\Desktop\DIPagrindai\lab3\images\rock\N5RzLbTF6dlVDkbx.png,N5RzLbTF6dlVDkbx.png,rock,1,train
C:\Users\pedse\Desktop\DIPagrindai\lab3\images\rock\KKYleXVUgi0h0np4.png,KKYleXVUgi0h0np4.png,rock,1,train
C:\Users\pedse\Desktop\DIPagrindai\lab3\images\paper\n5NXfZTRonR4iOr0.png,n5NXfZTRonR4iOr0.png,paper,0,train
C:\Users\pedse\Desktop\DIPagrindai\lab3\images\rock\iCR447ESdUXjdOFz.png,iCR447ESdUXjdOFz.png,rock,1,train
C:\Users\pedse\Desktop\DIPagrindai\lab3\images\rock\Q7dUVly6sK3jyeMM.png,Q7dUVly6sK3jyeMM.png,rock,1,train
C:\Users\pedse\Desktop\DIPagrindai\lab3\images\scissors\VQI4ru8aVkvWIHT4.png,VQI4ru8aVkvWIHT4.png,scissors,2,train
C:\Users\pedse\Desktop\DIPagrindai\lab3\images\rock\m7OF0PiEJCUJyf6K.png,m7OF0PiEJCUJyf6K.png,rock,1,train
C:\Users\pedse\Desktop\DIPagrindai\lab3\images\rock\5yHTRIIDcdrXqMYJ.png,5yHTRIIDcdrXqMYJ.png,rock,1,train
C:\Users\pedse\Desktop\DIPagrindai\lab3\images\rock\ReFXAsLF8NkgNAL4.png,ReFXAsLF8NkgNAL4.png,rock,1,train
C:\Users\pedse\Desktop\DIPagrindai\lab3\images\scissors\8VaAxK3h5GeQAqRn.png,8VaAxK3h5GeQAqRn.png,scissors,2,train
C:\Users\pedse\Desktop\DIPagrindai\lab3\images\rock\BRCnAE1A7rvm7o8V.png,BRCnAE1A7rvm7o8V.png,rock,1,train
C:\Users\pedse\Desktop\DIPagrindai\lab3\images\rock\NuJjhPSItSWUuMOk.png,NuJjhPSItSWUuMOk.png,rock,1,train
C:\Users\pedse\Desktop\DIPagrindai\lab3\images\scissors\qu2vQ5gzrN7dOu1Y.png,qu2vQ5gzrN7dOu1Y.png,scissors,2,train
C:\Users\pedse\Desktop\DIPagrindai\lab3\images\paper\N3RjXoHuCkTs2Prd.png,N3RjXoHuCkTs2Prd.png,paper,0,train
C:\Users\pedse\Desktop\DIPagrindai\lab3\images\scissors\cPuxKnJCdcTotM5k.png,cPuxKnJCdcTotM5k.png,scissors,2,train
C:\Users\pedse\Desktop\DIPagrindai\lab3\images\scissors\k7KXWWd1IymDhMIm.png,k7KXWWd1IymDhMIm.png,scissors,2,train
C:\Users\pedse\Desktop\DIPagrindai\lab3\images\paper\bTurr7qf07hoPQu1.png,bTurr7qf07hoPQu1.png,paper,0,train
C:\Users\pedse\Desktop\DIPagrindai\lab3\images\rock\d9UIt2WF1O9DYHPA.png,d9UIt2WF1O9DYHPA.png,rock,1,train
C:\Users\pedse\Desktop\DIPagrindai\lab3\images\scissors\ismjaxPJzOizyqOx.png,ismjaxPJzOizyqOx.png,scissors,2,train
C:\Users\pedse\Desktop\DIPagrindai\lab3\images\rock\5EEdNZWT8M9PThPB.png,5EEdNZWT8M9PThPB.png,rock,1,train
C:\Users\pedse\Desktop\DIPagrindai\lab3\images\scissors\OvlZhZPWYPjouJIM.png,OvlZhZPWYPjouJIM.png,scissors,2,train
C:\Users\pedse\Desktop\DIPagrindai\lab3\images\rock\F9QovHPXetKcOokD.png,F9QovHPXetKcOokD.png,rock,1,train
C:\Users\pedse\Desktop\DIPagrindai\lab3\images\paper\prCirglnpqZ4KRmM.png,prCirglnpqZ4KRmM.png,paper,0,train
C:\Users\pedse\Desktop\DIPagrindai\lab3\images\rock\j31qLVBZfstRnWsA.png,j31qLVBZfstRnWsA.png,rock,1,train
C:\Users\pedse\Desktop\DIPagrindai\lab3\images\rock\NSlKVMz6GymflBze.png,NSlKVMz6GymflBze.png,rock,1,train
C:\Users\pedse\Desktop\DIPagrindai\lab3\images\scissors\RTCZxs3LhwklhSKk.png,RTCZxs3LhwklhSKk.png,scissors,2,train
C:\Users\pedse\Desktop\DIPagrindai\lab3\images\paper\LAhqdrhPNg3ZLxpr.png,LAhqdrhPNg3ZLxpr.png,paper,0,train
C:\Users\pedse\Desktop\DIPagrindai\lab3\images\scissors\GVxDgpt5p4FA2e6n.png,GVxDgpt5p4FA2e6n.png,scissors,2,train
C:\Users\pedse\Desktop\DIPagrindai\lab3\images\paper\jCTsslbOLn04znvK.png,jCTsslbOLn04znvK.png,paper,0,train
C:\Users\pedse\Desktop\DIPagrindai\lab3\images\paper\bWjObTeNghy8Z1zE.png,bWjObTeNghy8Z1zE.png,paper,0,train
C:\Users\pedse\Desktop\DIPagrindai\lab3\images\rock\QO4ebj2KlmPIU1Eo.png,QO4ebj2KlmPIU1Eo.png,rock,1,train
C:\Users\pedse\Desktop\DIPagrindai\lab3\images\scissors\YTAomJ0XCIRzqKKX.png,YTAomJ0XCIRzqKKX.png,scissors,2,train
C:\Users\pedse\Desktop\DIPagrindai\lab3\images\rock\Qs7kzLICH4ZpdyPo.png,Qs7kzLICH4ZpdyPo.png,rock,1,train
C:\Users\pedse\Desktop\DIPagrindai\lab3\images\paper\HuunhhoTMXTrST2Z.png,HuunhhoTMXTrST2Z.png,paper,0,train
C:\Users\pedse\Desktop\DIPagrindai\lab3\images\rock\TI2gNkqMM5nOpoB0.png,TI2gNkqMM5nOpoB0.png,rock,1,train
C:\Users\pedse\Desktop\DIPagrindai\lab3\images\scissors\PVsR1GzEGP3wznMy.png,PVsR1GzEGP3wznMy.png,scissors,2,train
C:\Users\pedse\Desktop\DIPagrindai\lab3\images\scissors\1vQCX4af6hQmuwxZ.png,1vQCX4af6hQmuwxZ.png,scissors,2,train
C:\Users\pedse\Desktop\DIPagrindai\lab3\images\rock\ZljuXHZdMhwFPe6H.png,ZljuXHZdMhwFPe6H.png,rock,1,train
C:\Users\pedse\Desktop\DIPagrindai\lab3\images\rock\m0xWKKlJMcCcQagG.png,m0xWKKlJMcCcQagG.png,rock,1,train
C:\Users\pedse\Desktop\DIPagrindai\lab3\images\scissors\XwaRRl8CwYMJKx95.png,XwaRRl8CwYMJKx95.png,scissors,2,train
C:\Users\pedse\Desktop\DIPagrindai\lab3\images\paper\755DbuyE4rf2oGPA.png,755DbuyE4rf2oGPA.png,paper,0,train
C:\Users\pedse\Desktop\DIPagrindai\lab3\images\rock\PZqNg7IprOGg561e.png,PZqNg7IprOGg561e.png,rock,1,train
C:\Users\pedse\Desktop\DIPagrindai\lab3\images\rock\y57pFGvddZimmNu8.png,y57pFGvddZimmNu8.png,rock,1,train
C:\Users\pedse\Desktop\DIPagrindai\lab3\images\rock\Tz2CIaI6bZXdon61.png,Tz2CIaI6bZXdon61.png,rock,1,train
C:\Users\pedse\Desktop\DIPagrindai\lab3\images\paper\AMewmfMVCnLfbuNr.png,AMewmfMVCnLfbuNr.png,paper,0,train
C:\Users\pedse\Desktop\DIPagrindai\lab3\images\paper\zb6wXq49QppiS9sf.png,zb6wXq49QppiS9sf.png,paper,0,train
C:\Users\pedse\Desktop\DIPagrindai\lab3\images\rock\UElo8u1bUerF3JNe.png,UElo8u1bUerF3JNe.png,rock,1,train
C:\Users\pedse\Desktop\DIPagrindai\lab3\images\paper\vvM7nA8hZJD5b9CL.png,vvM7nA8hZJD5b9CL.png,paper,0,train
C:\Users\pedse\Desktop\DIPagrindai\lab3\images\scissors\IzA79EWPoX9pRKhq.png,IzA79EWPoX9pRKhq.png,scissors,2,train
C:\Users\pedse\Desktop\DIPagrindai\lab3\images\scissors\ZcGYyQZWKP4EcVEz.png,ZcGYyQZWKP4EcVEz.png,scissors,2,train
C:\Users\pedse\Desktop\DIPagrindai\lab3\images\scissors\bAQiTy59XVNlKqc4.png,bAQiTy59XVNlKqc4.png,scissors,2,train
C:\Users\pedse\Desktop\DIPagrindai\lab3\images\scissors\v9Y88d4jR0phu1rv.png,v9Y88d4jR0phu1rv.png,scissors,2,train
C:\Users\pedse\Desktop\DIPagrindai\lab3\images\rock\udR0gHeGBkkQVGlr.png,udR0gHeGBkkQVGlr.png,rock,1,train
C:\Users\pedse\Desktop\DIPagrindai\lab3\images\scissors\5p5Qjz4unC0KcWoL.png,5p5Qjz4unC0KcWoL.png,scissors,2,train
C:\Users\pedse\Desktop\DIPagrindai\lab3\images\rock\6NSGRQDw4M2amVcH.png,6NSGRQDw4M2amVcH.png,rock,1,train
C:\Users\pedse\Desktop\DIPagrindai\lab3\images\scissors\z7TWGDT2mb6DsKuG.png,z7TWGDT2mb6DsKuG.png,scissors,2,train
C:\Users\pedse\Desktop\DIPagrindai\lab3\images\paper\1Tt9U9SzrOm98Xtw.png,1Tt9U9SzrOm98Xtw.png,paper,0,train
C:\Users\pedse\Desktop\DIPagrindai\lab3\images\scissors\fu07mFhmsJAtiPwr.png,fu07mFhmsJAtiPwr.png,scissors,2,train
C:\Users\pedse\Desktop\DIPagrindai\lab3\images\rock\fsN97zyPFSfYwnsS.png,fsN97zyPFSfYwnsS.png,rock,1,train
C:\Users\pedse\Desktop\DIPagrindai\lab3\images\paper\CIN4oPYURMvc4xTb.png,CIN4oPYURMvc4xTb.png,paper,0,train
C:\Users\pedse\Desktop\DIPagrindai\lab3\images\paper\D3mbFhVy7zFkZEtV.png,D3mbFhVy7zFkZEtV.png,paper,0,train
C:\Users\pedse\Desktop\DIPagrindai\lab3\images\paper\p2UN3r1vWk57uVqX.png,p2UN3r1vWk57uVqX.png,paper,0,train
C:\Users\pedse\Desktop\DIPagrindai\lab3\images\paper\7PSJU8kbZf8S6FRW.png,7PSJU8kbZf8S6FRW.png,paper,0,train
C:\Users\pedse\Desktop\DIPagrindai\lab3\images\scissors\UO03gubyPNMaJ8pj.png,UO03gubyPNMaJ8pj.png,scissors,2,train
C:\Users\pedse\Desktop\DIPagrindai\lab3\images\rock\ZPRYcDY3SAyZigkB.png,ZPRYcDY3SAyZigkB.png,rock,1,train
C:\Users\pedse\Desktop\DIPagrindai\lab3\images\paper\b8dw4ZOgMTx2h1xI.png,b8dw4ZOgMTx2h1xI.png,paper,0,train
C:\Users\pedse\Desktop\DIPagrindai\lab3\images\rock\Xt7qc6XbbZ4OcpW6.png,Xt7qc6XbbZ4OcpW6.png,rock,1,train
C:\Users\pedse\Desktop\DIPagrindai\lab3\images\rock\2vwLOZSd8FCXbuck.png,2vwLOZSd8FCXbuck.png,rock,1,train
C:\Users\pedse\Desktop\DIPagrindai\lab3\images\paper\JsryGUQahbbNkrlP.png,JsryGUQahbbNkrlP.png,paper,0,train
C:\Users\pedse\Desktop\DIPagrindai\lab3\images\scissors\od9zrr7aF0p8VPRM.png,od9zrr7aF0p8VPRM.png,scissors,2,train
C:\Users\pedse\Desktop\DIPagrindai\lab3\images\scissors\jX4XP2bjq762S0Wj.png,jX4XP2bjq762S0Wj.png,scissors,2,train
C:\Users\pedse\Desktop\DIPagrindai\lab3\images\scissors\6i1Xy1NAW6h8RzL7.png,6i1Xy1NAW6h8RzL7.png,scissors,2,train
C:\Users\pedse\Desktop\DIPagrindai\lab3\images\rock\nxmKEzuM4rL8EcIe.png,nxmKEzuM4rL8EcIe.png,rock,1,train
C:\Users\pedse\Desktop\DIPagrindai\lab3\images\scissors\6TMYdUMhaEWHQOcc.png,6TMYdUMhaEWHQOcc.png,scissors,2,train
C:\Users\pedse\Desktop\DIPagrindai\lab3\images\rock\bqpOIN5gUl0r6vIS.png,bqpOIN5gUl0r6vIS.png,rock,1,train
C:\Users\pedse\Desktop\DIPagrindai\lab3\images\paper\mK7Kqflg12vHFBEK.png,mK7Kqflg12vHFBEK.png,paper,0,train
C:\Users\pedse\Desktop\DIPagrindai\lab3\images\paper\LI47bUY9rR60z73q.png,LI47bUY9rR60z73q.png,paper,0,train
C:\Users\pedse\Desktop\DIPagrindai\lab3\images\paper\YkZMyyS9fJdKmL3F.png,YkZMyyS9fJdKmL3F.png,paper,0,train
C:\Users\pedse\Desktop\DIPagrindai\lab3\images\paper\MnvVVMoqDmzrm5NJ.png,MnvVVMoqDmzrm5NJ.png,paper,0,train
C:\Users\pedse\Desktop\DIPagrindai\lab3\images\paper\bPTh8OjfiaJfzdcw.png,bPTh8OjfiaJfzdcw.png,paper,0,train
C:\Users\pedse\Desktop\DIPagrindai\lab3\images\scissors\c9oqImbEKG7Ij1cO.png,c9oqImbEKG7Ij1cO.png,scissors,2,train
C:\Users\pedse\Desktop\DIPagrindai\lab3\images\rock\R0j5MW4t8SU59u7x.png,R0j5MW4t8SU59u7x.png,rock,1,train
C:\Users\pedse\Desktop\DIPagrindai\lab3\images\rock\LCmGn9hnX6JQZ6lT.png,LCmGn9hnX6JQZ6lT.png,rock,1,train
C:\Users\pedse\Desktop\DIPagrindai\lab3\images\rock\dwcRLIlsRlaRevNn.png,dwcRLIlsRlaRevNn.png,rock,1,train
C:\Users\pedse\Desktop\DIPagrindai\lab3\images\paper\a21pgCIQ9pl0Guv5.png,a21pgCIQ9pl0Guv5.png,paper,0,train
C:\Users\pedse\Desktop\DIPagrindai\lab3\images\paper\CwFaCN3ykqwQ6KZV.png,CwFaCN3ykqwQ6KZV.png,paper,0,train
C:\Users\pedse\Desktop\DIPagrindai\lab3\images\scissors\ASH8lCQK8VGgkfyG.png,ASH8lCQK8VGgkfyG.png,scissors,2,train
C:\Users\pedse\Desktop\DIPagrindai\lab3\images\scissors\BmVM7T7MvIkewekj.png,BmVM7T7MvIkewekj.png,scissors,2,train
C:\Users\pedse\Desktop\DIPagrindai\lab3\images\paper\QUcJ1QclQwOY50vY.png,QUcJ1QclQwOY50vY.png,paper,0,train
C:\Users\pedse\Desktop\DIPagrindai\lab3\images\paper\R7y8PxDKzaAd0uUQ.png,R7y8PxDKzaAd0uUQ.png,paper,0,train
C:\Users\pedse\Desktop\DIPagrindai\lab3\images\scissors\KMUCDyhYewIdDnvu.png,KMUCDyhYewIdDnvu.png,scissors,2,train
C:\Users\pedse\Desktop\DIPagrindai\lab3\images\scissors\RhwmhtMcSeQ0DeIJ.png,RhwmhtMcSeQ0DeIJ.png,scissors,2,train
C:\Users\pedse\Desktop\DIPagrindai\lab3\images\scissors\KP9dgcRNzQE9tV0Z.png,KP9dgcRNzQE9tV0Z.png,scissors,2,train
C:\Users\pedse\Desktop\DIPagrindai\lab3\images\paper\UWq276y40jnVYaPC.png,UWq276y40jnVYaPC.png,paper,0,train
C:\Users\pedse\Desktop\DIPagrindai\lab3\images\paper\Klcu8qBjVs676hic.png,Klcu8qBjVs676hic.png,paper,0,train
C:\Users\pedse\Desktop\DIPagrindai\lab3\images\scissors\Rk0jnjn8GxT17vIT.png,Rk0jnjn8GxT17vIT.png,scissors,2,train
C:\Users\pedse\Desktop\DIPagrindai\lab3\images\scissors\fFnXXczN4qqWFcsE.png,fFnXXczN4qqWFcsE.png,scissors,2,train
C:\Users\pedse\Desktop\DIPagrindai\lab3\images\scissors\Tghe750qrbh7MMpP.png,Tghe750qrbh7MMpP.png,scissors,2,train
C:\Users\pedse\Desktop\DIPagrindai\lab3\images\rock\02vG75hQW9Vp4oTl.png,02vG75hQW9Vp4oTl.png,rock,1,train
C:\Users\pedse\Desktop\DIPagrindai\lab3\images\rock\s89nGNUsKL1q4vtJ.png,s89nGNUsKL1q4vtJ.png,rock,1,train
C:\Users\pedse\Desktop\DIPagrindai\lab3\images\rock\6AcmgOHcOvQfp1iW.png,6AcmgOHcOvQfp1iW.png,rock,1,train
C:\Users\pedse\Desktop\DIPagrindai\lab3\images\rock\7wFK6yhjKaNkhwZs.png,7wFK6yhjKaNkhwZs.png,rock,1,train
C:\Users\pedse\Desktop\DIPagrindai\lab3\images\rock\H2lQHx5y3oy8mLSL.png,H2lQHx5y3oy8mLSL.png,rock,1,train
C:\Users\pedse\Desktop\DIPagrindai\lab3\images\rock\C82Z7IFPlfaDFF71.png,C82Z7IFPlfaDFF71.png,rock,1,train
C:\Users\pedse\Desktop\DIPagrindai\lab3\images\paper\9Dto1OCNf5wjYimE.png,9Dto1OCNf5wjYimE.png,paper,0,train
C:\Users\pedse\Desktop\DIPagrindai\lab3\images\scissors\GacGc5Z89bSZ5IXG.png,GacGc5Z89bSZ5IXG.png,scissors,2,train
C:\Users\pedse\Desktop\DIPagrindai\lab3\images\paper\qGf97ZWPmGYzlTpo.png,qGf97ZWPmGYzlTpo.png,paper,0,train
C:\Users\pedse\Desktop\DIPagrindai\lab3\images\scissors\7dBQ0fOpCs03OmnR.png,7dBQ0fOpCs03OmnR.png,scissors,2,train
C:\Users\pedse\Desktop\DIPagrindai\lab3\images\paper\IxQ1CVKgnpiD0HfY.png,IxQ1CVKgnpiD0HfY.png,paper,0,train
C:\Users\pedse\Desktop\DIPagrindai\lab3\images\rock\3MSy75FXVzhhLg77.png,3MSy75FXVzhhLg77.png,rock,1,train
C:\Users\pedse\Desktop\DIPagrindai\lab3\images\paper\fYuJzeeHPzGwlGh0.png,fYuJzeeHPzGwlGh0.png,paper,0,train
C:\Users\pedse\Desktop\DIPagrindai\lab3\images\paper\nXOxF15xZFtfflkL.png,nXOxF15xZFtfflkL.png,paper,0,train
C:\Users\pedse\Desktop\DIPagrindai\lab3\images\rock\IQZU5YimtmEB2sSk.png,IQZU5YimtmEB2sSk.png,rock,1,train
C:\Users\pedse\Desktop\DIPagrindai\lab3\images\paper\DDHIkmyeaJPV7k0A.png,DDHIkmyeaJPV7k0A.png,paper,0,train
C:\Users\pedse\Desktop\DIPagrindai\lab3\images\scissors\JDuoo6aDjbIAqA4X.png,JDuoo6aDjbIAqA4X.png,scissors,2,train
C:\Users\pedse\Desktop\DIPagrindai\lab3\images\scissors\hP1nFePk6ao9xKDF.png,hP1nFePk6ao9xKDF.png,scissors,2,train
C:\Users\pedse\Desktop\DIPagrindai\lab3\images\scissors\AqKsjUyFEqJcD0HC.png,AqKsjUyFEqJcD0HC.png,scissors,2,train
C:\Users\pedse\Desktop\DIPagrindai\lab3\images\scissors\AMl8nHQ9Ys6Tpvl3.png,AMl8nHQ9Ys6Tpvl3.png,scissors,2,train
C:\Users\pedse\Desktop\DIPagrindai\lab3\images\rock\3aRXheNUQ6cxechp.png,3aRXheNUQ6cxechp.png,rock,1,train
C:\Users\pedse\Desktop\DIPagrindai\lab3\images\rock\aa9v011U1AB9hK5v.png,aa9v011U1AB9hK5v.png,rock,1,train
C:\Users\pedse\Desktop\DIPagrindai\lab3\images\paper\cQ0dBO3yHPohZ9U9.png,cQ0dBO3yHPohZ9U9.png,paper,0,train
C:\Users\pedse\Desktop\DIPagrindai\lab3\images\rock\5sdSnAPfphSzXjWu.png,5sdSnAPfphSzXjWu.png,rock,1,train
C:\Users\pedse\Desktop\DIPagrindai\lab3\images\paper\6wuALDd920vZ0qZE.png,6wuALDd920vZ0qZE.png,paper,0,train
C:\Users\pedse\Desktop\DIPagrindai\lab3\images\paper\pW8TQWh9SoWh0HLE.png,pW8TQWh9SoWh0HLE.png,paper,0,train
C:\Users\pedse\Desktop\DIPagrindai\lab3\images\paper\XPvzu0bXUw8THjbU.png,XPvzu0bXUw8THjbU.png,paper,0,train
C:\Users\pedse\Desktop\DIPagrindai\lab3\images\scissors\ZzIlyDP6opy9ifkB.png,ZzIlyDP6opy9ifkB.png,scissors,2,train
C:\Users\pedse\Desktop\DIPagrindai\lab3\images\scissors\CemUmBPmUpNgXfMC.png,CemUmBPmUpNgXfMC.png,scissors,2,train
C:\Users\pedse\Desktop\DIPagrindai\lab3\images\scissors\3Q6h5cXYeNTeOLgD.png,3Q6h5cXYeNTeOLgD.png,scissors,2,train
C:\Users\pedse\Desktop\DIPagrindai\lab3\images\paper\9zuFLFklb0ibEelE.png,9zuFLFklb0ibEelE.png,paper,0,train
C:\Users\pedse\Desktop\DIPagrindai\lab3\images\scissors\G3WzvjZXkizn9iK9.png,G3WzvjZXkizn9iK9.png,scissors,2,train
C:\Users\pedse\Desktop\DIPagrindai\lab3\images\paper\ul2wGK0NgJXs8mHv.png,ul2wGK0NgJXs8mHv.png,paper,0,train
C:\Users\pedse\Desktop\DIPagrindai\lab3\images\scissors\DlzjcfKNEmUSyBy7.png,DlzjcfKNEmUSyBy7.png,scissors,2,train
C:\Users\pedse\Desktop\DIPagrindai\lab3\images\rock\0NDYNEoDui7o64gU.png,0NDYNEoDui7o64gU.png,rock,1,train
C:\Users\pedse\Desktop\DIPagrindai\lab3\images\scissors\NHGSRXPwGLyQFNdh.png,NHGSRXPwGLyQFNdh.png,scissors,2,train
C:\Users\pedse\Desktop\DIPagrindai\lab3\images\scissors\EiSbUEkcpA3vRMGd.png,EiSbUEkcpA3vRMGd.png,scissors,2,train
C:\Users\pedse\Desktop\DIPagrindai\lab3\images\scissors\aRca3k5D1oCHVx0h.png,aRca3k5D1oCHVx0h.png,scissors,2,train
C:\Users\pedse\Desktop\DIPagrindai\lab3\images\scissors\2V5E7uHmAh9eK0qt.png,2V5E7uHmAh9eK0qt.png,scissors,2,train
C:\Users\pedse\Desktop\DIPagrindai\lab3\images\paper\TYjJigXjEyiVntzx.png,TYjJigXjEyiVntzx.png,paper,0,train
C:\Users\pedse\Desktop\DIPagrindai\lab3\images\paper\WUJ02oAbtzoPF4oo.png,WUJ02oAbtzoPF4oo.png,paper,0,train
C:\Users\pedse\Desktop\DIPagrindai\lab3\images\rock\BYG1hwCG8M64UXIV.png,BYG1hwCG8M64UXIV.png,rock,1,train
C:\Users\pedse\Desktop\DIPagrindai\lab3\images\rock\wjljU5HhXhirxPZ3.png,wjljU5HhXhirxPZ3.png,rock,1,train
C:\Users\pedse\Desktop\DIPagrindai\lab3\images\scissors\YtwkLLgHWgoRfTaB.png,YtwkLLgHWgoRfTaB.png,scissors,2,train
C:\Users\pedse\Desktop\DIPagrindai\lab3\images\rock\DNnBWydGbZkwxkWz.png,DNnBWydGbZkwxkWz.png,rock,1,train
C:\Users\pedse\Desktop\DIPagrindai\lab3\images\paper\821xYeW8U0Iy6qVX.png,821xYeW8U0Iy6qVX.png,paper,0,train
C:\Users\pedse\Desktop\DIPagrindai\lab3\images\paper\ntumvg6vWpT6qIal.png,ntumvg6vWpT6qIal.png,paper,0,train
C:\Users\pedse\Desktop\DIPagrindai\lab3\images\paper\VrhvQlf5Yz5mAt7Y.png,VrhvQlf5Yz5mAt7Y.png,paper,0,train
C:\Users\pedse\Desktop\DIPagrindai\lab3\images\scissors\HJ3qSJKzOvM3IwZR.png,HJ3qSJKzOvM3IwZR.png,scissors,2,train
C:\Users\pedse\Desktop\DIPagrindai\lab3\images\scissors\UPH9bl4Vrq4Gwp3K.png,UPH9bl4Vrq4Gwp3K.png,scissors,2,train
C:\Users\pedse\Desktop\DIPagrindai\lab3\images\paper\M4h0o8DAzyOpmgSM.png,M4h0o8DAzyOpmgSM.png,paper,0,train
C:\Users\pedse\Desktop\DIPagrindai\lab3\images\scissors\17HZDUFSVPxcar99.png,17HZDUFSVPxcar99.png,scissors,2,train
C:\Users\pedse\Desktop\DIPagrindai\lab3\images\paper\P0BIztnCzZ3StLD1.png,P0BIztnCzZ3StLD1.png,paper,0,train
C:\Users\pedse\Desktop\DIPagrindai\lab3\images\paper\B9WSmSgclFPB3TOL.png,B9WSmSgclFPB3TOL.png,paper,0,train
C:\Users\pedse\Desktop\DIPagrindai\lab3\images\scissors\gWsh2wyYZXw7an5G.png,gWsh2wyYZXw7an5G.png,scissors,2,train
C:\Users\pedse\Desktop\DIPagrindai\lab3\images\scissors\qguumDPZwrNl7e1C.png,qguumDPZwrNl7e1C.png,scissors,2,train
C:\Users\pedse\Desktop\DIPagrindai\lab3\images\rock\iCLIvwweBESAwx4z.png,iCLIvwweBESAwx4z.png,rock,1,train
C:\Users\pedse\Desktop\DIPagrindai\lab3\images\scissors\nHMXDFvdVQ8Vb0F7.png,nHMXDFvdVQ8Vb0F7.png,scissors,2,train
C:\Users\pedse\Desktop\DIPagrindai\lab3\images\rock\RyjWflLmOIWqcYXi.png,RyjWflLmOIWqcYXi.png,rock,1,train
C:\Users\pedse\Desktop\DIPagrindai\lab3\images\rock\bC8Fki1Na2rRSlBG.png,bC8Fki1Na2rRSlBG.png,rock,1,train
C:\Users\pedse\Desktop\DIPagrindai\lab3\images\scissors\P3sJVlVAylvpky7E.png,P3sJVlVAylvpky7E.png,scissors,2,train
C:\Users\pedse\Desktop\DIPagrindai\lab3\images\paper\xsM5n0KOqwb5R58V.png,xsM5n0KOqwb5R58V.png,paper,0,train
C:\Users\pedse\Desktop\DIPagrindai\lab3\images\rock\MW1oWcAD7q1t0Ie6.png,MW1oWcAD7q1t0Ie6.png,rock,1,train
C:\Users\pedse\Desktop\DIPagrindai\lab3\images\paper\v6Ypsa9vPurMnl20.png,v6Ypsa9vPurMnl20.png,paper,0,train
C:\Users\pedse\Desktop\DIPagrindai\lab3\images\scissors\yMcXpAajchPmSbnw.png,yMcXpAajchPmSbnw.png,scissors,2,train
C:\Users\pedse\Desktop\DIPagrindai\lab3\images\rock\C5KTDubAmdwtcK6u.png,C5KTDubAmdwtcK6u.png,rock,1,train
C:\Users\pedse\Desktop\DIPagrindai\lab3\images\paper\HIo7Eax3OPP5MuXl.png,HIo7Eax3OPP5MuXl.png,paper,0,train
C:\Users\pedse\Desktop\DIPagrindai\lab3\images\scissors\MqPYNCxzDBls3LRf.png,MqPYNCxzDBls3LRf.png,scissors,2,train
C:\Users\pedse\Desktop\DIPagrindai\lab3\images\scissors\h8GCEjkSpQjdUuZH.png,h8GCEjkSpQjdUuZH.png,scissors,2,train
C:\Users\pedse\Desktop\DIPagrindai\lab3\images\paper\UuF8mRQ3FDM6fOmp.png,UuF8mRQ3FDM6fOmp.png,paper,0,train
C:\Users\pedse\Desktop\DIPagrindai\lab3\images\paper\djVVgBL6PqTdtr6l.png,djVVgBL6PqTdtr6l.png,paper,0,train
C:\Users\pedse\Desktop\DIPagrindai\lab3\images\paper\keyl4nDZLxLORnr3.png,keyl4nDZLxLORnr3.png,paper,0,train
C:\Users\pedse\Desktop\DIPagrindai\lab3\images\paper\4Fxr7klOIfijCpio.png,4Fxr7klOIfijCpio.png,paper,0,train
C:\Users\pedse\Desktop\DIPagrindai\lab3\images\paper\qhhaVBNDIWDdNR2Y.png,qhhaVBNDIWDdNR2Y.png,paper,0,train
C:\Users\pedse\Desktop\DIPagrindai\lab3\images\rock\Gr80cGhz5I8abSjg.png,Gr80cGhz5I8abSjg.png,rock,1,train
C:\Users\pedse\Desktop\DIPagrindai\lab3\images\rock\nS9fHg3r4luGv0mF.png,nS9fHg3r4luGv0mF.png,rock,1,train
C:\Users\pedse\Desktop\DIPagrindai\lab3\images\scissors\XJWYAuk9dfdmUAIw.png,XJWYAuk9dfdmUAIw.png,scissors,2,train
C:\Users\pedse\Desktop\DIPagrindai\lab3\images\rock\k6r5z3dMsqo2H6hk.png,k6r5z3dMsqo2H6hk.png,rock,1,train
C:\Users\pedse\Desktop\DIPagrindai\lab3\images\paper\cOHWfHkyo8sqWnpW.png,cOHWfHkyo8sqWnpW.png,paper,0,train
C:\Users\pedse\Desktop\DIPagrindai\lab3\images\paper\uHBQbKd9VTYWdctJ.png,uHBQbKd9VTYWdctJ.png,paper,0,train
C:\Users\pedse\Desktop\DIPagrindai\lab3\images\paper\cMbbpVIgFU95R4tO.png,cMbbpVIgFU95R4tO.png,paper,0,train
C:\Users\pedse\Desktop\DIPagrindai\lab3\images\scissors\z6HDaayUjgx6LnhS.png,z6HDaayUjgx6LnhS.png,scissors,2,train
C:\Users\pedse\Desktop\DIPagrindai\lab3\images\paper\yYba9sH9TlYCAtoo.png,yYba9sH9TlYCAtoo.png,paper,0,train
C:\Users\pedse\Desktop\DIPagrindai\lab3\images\rock\MLmBabhqRs9Gxec0.png,MLmBabhqRs9Gxec0.png,rock,1,train
C:\Users\pedse\Desktop\DIPagrindai\lab3\images\rock\lw3m9jLBwagsVLJs.png,lw3m9jLBwagsVLJs.png,rock,1,train
C:\Users\pedse\Desktop\DIPagrindai\lab3\images\rock\NND8kMRxPKa3HfWX.png,NND8kMRxPKa3HfWX.png,rock,1,train
C:\Users\pedse\Desktop\DIPagrindai\lab3\images\rock\X9KQv42y96rD2TO9.png,X9KQv42y96rD2TO9.png,rock,1,train
C:\Users\pedse\Desktop\DIPagrindai\lab3\images\scissors\loXdJgVrbcZGFjas.png,loXdJgVrbcZGFjas.png,scissors,2,train
C:\Users\pedse\Desktop\DIPagrindai\lab3\images\scissors\5CzwWCDnxKOJz5T0.png,5CzwWCDnxKOJz5T0.png,scissors,2,train
C:\Users\pedse\Desktop\DIPagrindai\lab3\images\paper\XQihGnpPBb3DucOm.png,XQihGnpPBb3DucOm.png,paper,0,train
C:\Users\pedse\Desktop\DIPagrindai\lab3\images\rock\wzcE5Sx0VwqjWQhs.png,wzcE5Sx0VwqjWQhs.png,rock,1,train
C:\Users\pedse\Desktop\DIPagrindai\lab3\images\scissors\FmGfsSfUAyHzsiAO.png,FmGfsSfUAyHzsiAO.png,scissors,2,train
C:\Users\pedse\Desktop\DIPagrindai\lab3\images\paper\8cUuoeM7qSsAGoOv.png,8cUuoeM7qSsAGoOv.png,paper,0,train
C:\Users\pedse\Desktop\DIPagrindai\lab3\images\rock\QSa6ILjZeRdKM5Fz.png,QSa6ILjZeRdKM5Fz.png,rock,1,train
C:\Users\pedse\Desktop\DIPagrindai\lab3\images\rock\xczZynV4iyBbLHvt.png,xczZynV4iyBbLHvt.png,rock,1,train
C:\Users\pedse\Desktop\DIPagrindai\lab3\images\rock\Wy9ESbYGxHgmqy9H.png,Wy9ESbYGxHgmqy9H.png,rock,1,train
C:\Users\pedse\Desktop\DIPagrindai\lab3\images\rock\dLrum1jVnQix8sV5.png,dLrum1jVnQix8sV5.png,rock,1,train
C:\Users\pedse\Desktop\DIPagrindai\lab3\images\scissors\rgh4Zpx9TkORJIWe.png,rgh4Zpx9TkORJIWe.png,scissors,2,train
C:\Users\pedse\Desktop\DIPagrindai\lab3\images\paper\wQQCLOgW5qXxkwli.png,wQQCLOgW5qXxkwli.png,paper,0,train
C:\Users\pedse\Desktop\DIPagrindai\lab3\images\paper\YTZfr87ETKYNkQRN.png,YTZfr87ETKYNkQRN.png,paper,0,train
C:\Users\pedse\Desktop\DIPagrindai\lab3\images\rock\p0v91qRDrCRa1qWZ.png,p0v91qRDrCRa1qWZ.png,rock,1,train
C:\Users\pedse\Desktop\DIPagrindai\lab3\images\rock\HxzCqTAGvmLYaHjA.png,HxzCqTAGvmLYaHjA.png,rock,1,train
C:\Users\pedse\Desktop\DIPagrindai\lab3\images\scissors\KfZNOowxVhhRLrza.png,KfZNOowxVhhRLrza.png,scissors,2,train
C:\Users\pedse\Desktop\DIPagrindai\lab3\images\paper\d5FmD95HmhodiITj.png,d5FmD95HmhodiITj.png,paper,0,train
C:\Users\pedse\Desktop\DIPagrindai\lab3\images\paper\JDZ86cNk15r0NTi6.png,JDZ86cNk15r0NTi6.png,paper,0,train
C:\Users\pedse\Desktop\DIPagrindai\lab3\images\scissors\VcyQqsyvtkuKXWWz.png,VcyQqsyvtkuKXWWz.png,scissors,2,train
C:\Users\pedse\Desktop\DIPagrindai\lab3\images\scissors\7SOrAw5PvJghnwuq.png,7SOrAw5PvJghnwuq.png,scissors,2,train
C:\Users\pedse\Desktop\DIPagrindai\lab3\images\scissors\nOIg15ZJ3XuUVkT3.png,nOIg15ZJ3XuUVkT3.png,scissors,2,train
C:\Users\pedse\Desktop\DIPagrindai\lab3\images\paper\FltCm1ep2lcnsOYz.png,FltCm1ep2lcnsOYz.png,paper,0,train
C:\Users\pedse\Desktop\DIPagrindai\lab3\images\rock\WTNxLmYXbSvxjksk.png,WTNxLmYXbSvxjksk.png,rock,1,train
C:\Users\pedse\Desktop\DIPagrindai\lab3\images\rock\RpCSMPJ0LhFPYksZ.png,RpCSMPJ0LhFPYksZ.png,rock,1,train
C:\Users\pedse\Desktop\DIPagrindai\lab3\images\scissors\kiUc9msxBC2UZJ5g.png,kiUc9msxBC2UZJ5g.png,scissors,2,train
C:\Users\pedse\Desktop\DIPagrindai\lab3\images\scissors\ZGPpmBaEH8F0qXzI.png,ZGPpmBaEH8F0qXzI.png,scissors,2,train
C:\Users\pedse\Desktop\DIPagrindai\lab3\images\rock\dLacOlQK2ZsURwOa.png,dLacOlQK2ZsURwOa.png,rock,1,train
C:\Users\pedse\Desktop\DIPagrindai\lab3\images\paper\0a3UtNzl5Ll3sq8K.png,0a3UtNzl5Ll3sq8K.png,paper,0,train
C:\Users\pedse\Desktop\DIPagrindai\lab3\images\rock\91nHRDpe6EROWOyY.png,91nHRDpe6EROWOyY.png,rock,1,train
C:\Users\pedse\Desktop\DIPagrindai\lab3\images\rock\6bGxG6c9DxmZBcIB.png,6bGxG6c9DxmZBcIB.png,rock,1,train
C:\Users\pedse\Desktop\DIPagrindai\lab3\images\paper\UJdZdj6nyFRHVFEg.png,UJdZdj6nyFRHVFEg.png,paper,0,train
C:\Users\pedse\Desktop\DIPagrindai\lab3\images\paper\ldG6HLXeY0KilKyr.png,ldG6HLXeY0KilKyr.png,paper,0,train
C:\Users\pedse\Desktop\DIPagrindai\lab3\images\scissors\sem0kkR24VbSRmAc.png,sem0kkR24VbSRmAc.png,scissors,2,train
C:\Users\pedse\Desktop\DIPagrindai\lab3\images\rock\3ONDEuB8iwAYO1Uz.png,3ONDEuB8iwAYO1Uz.png,rock,1,train
C:\Users\pedse\Desktop\DIPagrindai\lab3\images\scissors\qEeUSbz2Np2Qin0G.png,qEeUSbz2Np2Qin0G.png,scissors,2,train
C:\Users\pedse\Desktop\DIPagrindai\lab3\images\paper\N4D5tleMLbP1Au5D.png,N4D5tleMLbP1Au5D.png,paper,0,train
C:\Users\pedse\Desktop\DIPagrindai\lab3\images\rock\51TTZXCnAuk3Ck6s.png,51TTZXCnAuk3Ck6s.png,rock,1,train
C:\Users\pedse\Desktop\DIPagrindai\lab3\images\paper\qC5sV6TzOBzyzW0p.png,qC5sV6TzOBzyzW0p.png,paper,0,train
C:\Users\pedse\Desktop\DIPagrindai\lab3\images\scissors\VNbhUgHmivsf9WeB.png,VNbhUgHmivsf9WeB.png,scissors,2,train
C:\Users\pedse\Desktop\DIPagrindai\lab3\images\scissors\WUEe440w137BuSEE.png,WUEe440w137BuSEE.png,scissors,2,train
C:\Users\pedse\Desktop\DIPagrindai\lab3\images\paper\rDfjA9TE0tYqzT21.png,rDfjA9TE0tYqzT21.png,paper,0,train
C:\Users\pedse\Desktop\DIPagrindai\lab3\images\paper\LkNkNVjTRm5Gr9NQ.png,LkNkNVjTRm5Gr9NQ.png,paper,0,train
C:\Users\pedse\Desktop\DIPagrindai\lab3\images\scissors\Z1leFM4TO5u2eSaI.png,Z1leFM4TO5u2eSaI.png,scissors,2,train
C:\Users\pedse\Desktop\DIPagrindai\lab3\images\rock\PDgemOaqWAiKPIcw.png,PDgemOaqWAiKPIcw.png,rock,1,train
C:\Users\pedse\Desktop\DIPagrindai\lab3\images\paper\MKe2ciaSOmdDH1JK.png,MKe2ciaSOmdDH1JK.png,paper,0,train
C:\Users\pedse\Desktop\DIPagrindai\lab3\images\paper\XF9I4tnxCvI7XzIG.png,XF9I4tnxCvI7XzIG.png,paper,0,train
C:\Users\pedse\Desktop\DIPagrindai\lab3\images\rock\Zyzp7nBCojgQeCZs.png,Zyzp7nBCojgQeCZs.png,rock,1,train
C:\Users\pedse\Desktop\DIPagrindai\lab3\images\rock\HLf2liRRQ2FM3PWB.png,HLf2liRRQ2FM3PWB.png,rock,1,train
C:\Users\pedse\Desktop\DIPagrindai\lab3\images\paper\TcybcTuKdMPA4xpT.png,TcybcTuKdMPA4xpT.png,paper,0,train
C:\Users\pedse\Desktop\DIPagrindai\lab3\images\rock\R5gwWLVoqodxD3Q8.png,R5gwWLVoqodxD3Q8.png,rock,1,train
C:\Users\pedse\Desktop\DIPagrindai\lab3\images\rock\QF1S0sqb6YGe4GNP.png,QF1S0sqb6YGe4GNP.png,rock,1,train
C:\Users\pedse\Desktop\DIPagrindai\lab3\images\scissors\jy6fSFQ1ynecl3P7.png,jy6fSFQ1ynecl3P7.png,scissors,2,train
C:\Users\pedse\Desktop\DIPagrindai\lab3\images\rock\gIuYTYdTVKnNAc5m.png,gIuYTYdTVKnNAc5m.png,rock,1,train
C:\Users\pedse\Desktop\DIPagrindai\lab3\images\scissors\Xu49k2rxvWRflm2W.png,Xu49k2rxvWRflm2W.png,scissors,2,train
C:\Users\pedse\Desktop\DIPagrindai\lab3\images\paper\dZxpgHYRuQNv7T7A.png,dZxpgHYRuQNv7T7A.png,paper,0,train
C:\Users\pedse\Desktop\DIPagrindai\lab3\images\rock\fLFzQoErbCBRR6NM.png,fLFzQoErbCBRR6NM.png,rock,1,train
C:\Users\pedse\Desktop\DIPagrindai\lab3\images\scissors\9n5YXSqxWa9wgPIW.png,9n5YXSqxWa9wgPIW.png,scissors,2,train
C:\Users\pedse\Desktop\DIPagrindai\lab3\images\paper\o0CfvFooVIcHCGzO.png,o0CfvFooVIcHCGzO.png,paper,0,train
C:\Users\pedse\Desktop\DIPagrindai\lab3\images\paper\68QZtdP6UaIcIE55.png,68QZtdP6UaIcIE55.png,paper,0,train
C:\Users\pedse\Desktop\DIPagrindai\lab3\images\scissors\HLeuB19sXYxS84Gt.png,HLeuB19sXYxS84Gt.png,scissors,2,train
C:\Users\pedse\Desktop\DIPagrindai\lab3\images\rock\qiysAN26ClLYOZfG.png,qiysAN26ClLYOZfG.png,rock,1,train
C:\Users\pedse\Desktop\DIPagrindai\lab3\images\rock\7O4sybfz26sg4yrF.png,7O4sybfz26sg4yrF.png,rock,1,train
C:\Users\pedse\Desktop\DIPagrindai\lab3\images\scissors\oKkvmTaZN5M8MCyt.png,oKkvmTaZN5M8MCyt.png,scissors,2,train
C:\Users\pedse\Desktop\DIPagrindai\lab3\images\scissors\UlvWQ1fnwQeGYNTa.png,UlvWQ1fnwQeGYNTa.png,scissors,2,train
C:\Users\pedse\Desktop\DIPagrindai\lab3\images\scissors\GPY2PK0wpb7ZoSVS.png,GPY2PK0wpb7ZoSVS.png,scissors,2,train
C:\Users\pedse\Desktop\DIPagrindai\lab3\images\scissors\1wZUIsowmZRmESjh.png,1wZUIsowmZRmESjh.png,scissors,2,train
C:\Users\pedse\Desktop\DIPagrindai\lab3\images\rock\GksMLm2b4t6sUYzY.png,GksMLm2b4t6sUYzY.png,rock,1,train
C:\Users\pedse\Desktop\DIPagrindai\lab3\images\rock\PgQOJNqwh3jq6vCr.png,PgQOJNqwh3jq6vCr.png,rock,1,train
C:\Users\pedse\Desktop\DIPagrindai\lab3\images\paper\BVfw3Er2AUBqREYJ.png,BVfw3Er2AUBqREYJ.png,paper,0,train
C:\Users\pedse\Desktop\DIPagrindai\lab3\images\paper\oiJhtTsTDkiAcHeR.png,oiJhtTsTDkiAcHeR.png,paper,0,train
C:\Users\pedse\Desktop\DIPagrindai\lab3\images\paper\DE5gewqrqzSaVsdI.png,DE5gewqrqzSaVsdI.png,paper,0,train
C:\Users\pedse\Desktop\DIPagrindai\lab3\images\rock\LvqSpAbFMyQ1H0Ms.png,LvqSpAbFMyQ1H0Ms.png,rock,1,train
C:\Users\pedse\Desktop\DIPagrindai\lab3\images\scissors\44Hu6owS3pPqmyG1.png,44Hu6owS3pPqmyG1.png,scissors,2,train
C:\Users\pedse\Desktop\DIPagrindai\lab3\images\scissors\uI2O1DwI1nIIx9Qu.png,uI2O1DwI1nIIx9Qu.png,scissors,2,train
C:\Users\pedse\Desktop\DIPagrindai\lab3\images\rock\wnFnnnpg4cx8NeoO.png,wnFnnnpg4cx8NeoO.png,rock,1,train
C:\Users\pedse\Desktop\DIPagrindai\lab3\images\scissors\utufwM3u0nx14c52.png,utufwM3u0nx14c52.png,scissors,2,train
C:\Users\pedse\Desktop\DIPagrindai\lab3\images\paper\8vCpdCGSnX8CopJJ.png,8vCpdCGSnX8CopJJ.png,paper,0,train
C:\Users\pedse\Desktop\DIPagrindai\lab3\images\scissors\vua0e2tJtebtNywx.png,vua0e2tJtebtNywx.png,scissors,2,train
C:\Users\pedse\Desktop\DIPagrindai\lab3\images\paper\gFqfkMtX39sTkrSB.png,gFqfkMtX39sTkrSB.png,paper,0,train
C:\Users\pedse\Desktop\DIPagrindai\lab3\images\scissors\SMQFKEq55U7752xf.png,SMQFKEq55U7752xf.png,scissors,2,train
C:\Users\pedse\Desktop\DIPagrindai\lab3\images\rock\rMViRrOZTOK1XiEw.png,rMViRrOZTOK1XiEw.png,rock,1,train
C:\Users\pedse\Desktop\DIPagrindai\lab3\images\paper\jl6AlteXSalbS3rG.png,jl6AlteXSalbS3rG.png,paper,0,train
C:\Users\pedse\Desktop\DIPagrindai\lab3\images\paper\ACUZLBMxCu3AWgUu.png,ACUZLBMxCu3AWgUu.png,paper,0,train
C:\Users\pedse\Desktop\DIPagrindai\lab3\images\paper\B08mrGoODd5gGTvu.png,B08mrGoODd5gGTvu.png,paper,0,train
C:\Users\pedse\Desktop\DIPagrindai\lab3\images\rock\hNKauGm372Z48JWy.png,hNKauGm372Z48JWy.png,rock,1,train
C:\Users\pedse\Desktop\DIPagrindai\lab3\images\scissors\JWz75J1U5sGr1FH2.png,JWz75J1U5sGr1FH2.png,scissors,2,train
C:\Users\pedse\Desktop\DIPagrindai\lab3\images\scissors\V14OoL0RMpvwPptc.png,V14OoL0RMpvwPptc.png,scissors,2,train
C:\Users\pedse\Desktop\DIPagrindai\lab3\images\paper\yfoLtt4c7Rzc5VOW.png,yfoLtt4c7Rzc5VOW.png,paper,0,train
C:\Users\pedse\Desktop\DIPagrindai\lab3\images\scissors\1CXgK9fgGdSRggD9.png,1CXgK9fgGdSRggD9.png,scissors,2,train
C:\Users\pedse\Desktop\DIPagrindai\lab3\images\paper\Z9vSGzBQ8YLOXQIX.png,Z9vSGzBQ8YLOXQIX.png,paper,0,train
C:\Users\pedse\Desktop\DIPagrindai\lab3\images\scissors\xAnfzBYnsnuru9Nf.png,xAnfzBYnsnuru9Nf.png,scissors,2,train
C:\Users\pedse\Desktop\DIPagrindai\lab3\images\rock\qYTvWILCYIauIMkW.png,qYTvWILCYIauIMkW.png,rock,1,train
C:\Users\pedse\Desktop\DIPagrindai\lab3\images\rock\2j9iOcnxJzcyaFB5.png,2j9iOcnxJzcyaFB5.png,rock,1,train
C:\Users\pedse\Desktop\DIPagrindai\lab3\images\rock\7gcPqW9meL8zJHFF.png,7gcPqW9meL8zJHFF.png,rock,1,train
C:\Users\pedse\Desktop\DIPagrindai\lab3\images\scissors\esPjow7BN3RXc4gk.png,esPjow7BN3RXc4gk.png,scissors,2,train
C:\Users\pedse\Desktop\DIPagrindai\lab3\images\scissors\dpmWj9s5ily8GuyY.png,dpmWj9s5ily8GuyY.png,scissors,2,train
C:\Users\pedse\Desktop\DIPagrindai\lab3\images\scissors\GktptVfvaYXOIJCz.png,GktptVfvaYXOIJCz.png,scissors,2,train
C:\Users\pedse\Desktop\DIPagrindai\lab3\images\paper\fPwDPzGZ5JeY0rb9.png,fPwDPzGZ5JeY0rb9.png,paper,0,train
C:\Users\pedse\Desktop\DIPagrindai\lab3\images\rock\yLeWjzIsAgQO8rT2.png,yLeWjzIsAgQO8rT2.png,rock,1,train
C:\Users\pedse\Desktop\DIPagrindai\lab3\images\scissors\CLCnzerdshjQe3HQ.png,CLCnzerdshjQe3HQ.png,scissors,2,train
C:\Users\pedse\Desktop\DIPagrindai\lab3\images\scissors\FFGftZrGnvN8rRqN.png,FFGftZrGnvN8rRqN.png,scissors,2,train
C:\Users\pedse\Desktop\DIPagrindai\lab3\images\rock\qsa5Kd0lZctgmHvM.png,qsa5Kd0lZctgmHvM.png,rock,1,train
C:\Users\pedse\Desktop\DIPagrindai\lab3\images\rock\7xXAch1NxPhoEdk4.png,7xXAch1NxPhoEdk4.png,rock,1,train
C:\Users\pedse\Desktop\DIPagrindai\lab3\images\rock\nY37eRslka1ss2bZ.png,nY37eRslka1ss2bZ.png,rock,1,train
C:\Users\pedse\Desktop\DIPagrindai\lab3\images\scissors\w7862CEzcIVnMgG4.png,w7862CEzcIVnMgG4.png,scissors,2,train
C:\Users\pedse\Desktop\DIPagrindai\lab3\images\rock\XmtW0hEB1JqbZ3eu.png,XmtW0hEB1JqbZ3eu.png,rock,1,train
C:\Users\pedse\Desktop\DIPagrindai\lab3\images\scissors\BdMHRwUTJ4FI4uPr.png,BdMHRwUTJ4FI4uPr.png,scissors,2,train
C:\Users\pedse\Desktop\DIPagrindai\lab3\images\rock\yt9k2pmBRzMEXoee.png,yt9k2pmBRzMEXoee.png,rock,1,train
C:\Users\pedse\Desktop\DIPagrindai\lab3\images\rock\MReo7XBz7dmQ5HdE.png,MReo7XBz7dmQ5HdE.png,rock,1,train
C:\Users\pedse\Desktop\DIPagrindai\lab3\images\paper\Mq8Ym2axOJVIthiP.png,Mq8Ym2axOJVIthiP.png,paper,0,train
C:\Users\pedse\Desktop\DIPagrindai\lab3\images\scissors\q0tN60NS2kZFBzts.png,q0tN60NS2kZFBzts.png,scissors,2,train
C:\Users\pedse\Desktop\DIPagrindai\lab3\images\scissors\7A1YTmfZsbSdxPKy.png,7A1YTmfZsbSdxPKy.png,scissors,2,train
C:\Users\pedse\Desktop\DIPagrindai\lab3\images\paper\Qbn4RJqessetWPHR.png,Qbn4RJqessetWPHR.png,paper,0,train
C:\Users\pedse\Desktop\DIPagrindai\lab3\images\rock\rtyjzSfCZlfTPTox.png,rtyjzSfCZlfTPTox.png,rock,1,train
C:\Users\pedse\Desktop\DIPagrindai\lab3\images\scissors\QjvKDUTFuGf7gAm4.png,QjvKDUTFuGf7gAm4.png,scissors,2,train
C:\Users\pedse\Desktop\DIPagrindai\lab3\images\paper\JlMP0YH6vhxWRMZz.png,JlMP0YH6vhxWRMZz.png,paper,0,train
C:\Users\pedse\Desktop\DIPagrindai\lab3\images\scissors\UJ5WJEvN4vQ86HKA.png,UJ5WJEvN4vQ86HKA.png,scissors,2,train
C:\Users\pedse\Desktop\DIPagrindai\lab3\images\paper\bddldJIGmQP5CSLD.png,bddldJIGmQP5CSLD.png,paper,0,train
C:\Users\pedse\Desktop\DIPagrindai\lab3\images\rock\OCa85cn2JdZzOe8c.png,OCa85cn2JdZzOe8c.png,rock,1,train
C:\Users\pedse\Desktop\DIPagrindai\lab3\images\rock\wcL0C9QgqDYxaj3W.png,wcL0C9QgqDYxaj3W.png,rock,1,train
C:\Users\pedse\Desktop\DIPagrindai\lab3\images\scissors\M8ctr4cjddfGnoWg.png,M8ctr4cjddfGnoWg.png,scissors,2,train
C:\Users\pedse\Desktop\DIPagrindai\lab3\images\paper\H8cGdqeAOdIyIMO5.png,H8cGdqeAOdIyIMO5.png,paper,0,train
C:\Users\pedse\Desktop\DIPagrindai\lab3\images\scissors\M6PgmHZxElc7AKM5.png,M6PgmHZxElc7AKM5.png,scissors,2,train
C:\Users\pedse\Desktop\DIPagrindai\lab3\images\scissors\GgA8wrylOr4pvJhZ.png,GgA8wrylOr4pvJhZ.png,scissors,2,train
C:\Users\pedse\Desktop\DIPagrindai\lab3\images\rock\JOaPrPIINVvoI9l4.png,JOaPrPIINVvoI9l4.png,rock,1,train
C:\Users\pedse\Desktop\DIPagrindai\lab3\images\paper\oi2e7ny5y00NBLOx.png,oi2e7ny5y00NBLOx.png,paper,0,train
C:\Users\pedse\Desktop\DIPagrindai\lab3\images\scissors\nf8YKjeoUMPtr65m.png,nf8YKjeoUMPtr65m.png,scissors,2,train
C:\Users\pedse\Desktop\DIPagrindai\lab3\images\scissors\wbdzYsdRWCWjL2Pg.png,wbdzYsdRWCWjL2Pg.png,scissors,2,train
C:\Users\pedse\Desktop\DIPagrindai\lab3\images\rock\Z2rJQc2FfElAoITB.png,Z2rJQc2FfElAoITB.png,rock,1,train
C:\Users\pedse\Desktop\DIPagrindai\lab3\images\paper\7Px9USAD7J56woB0.png,7Px9USAD7J56woB0.png,paper,0,train
C:\Users\pedse\Desktop\DIPagrindai\lab3\images\paper\7fRLxoheLluOwCkp.png,7fRLxoheLluOwCkp.png,paper,0,train
C:\Users\pedse\Desktop\DIPagrindai\lab3\images\scissors\HGhHQ3uNh7XFl2ar.png,HGhHQ3uNh7XFl2ar.png,scissors,2,train
C:\Users\pedse\Desktop\DIPagrindai\lab3\images\rock\EwKdZirU6MwYRV13.png,EwKdZirU6MwYRV13.png,rock,1,train
C:\Users\pedse\Desktop\DIPagrindai\lab3\images\rock\bvMd98SEEKS3YxmD.png,bvMd98SEEKS3YxmD.png,rock,1,train
C:\Users\pedse\Desktop\DIPagrindai\lab3\images\paper\2UKnsncgPodQLOFR.png,2UKnsncgPodQLOFR.png,paper,0,train
C:\Users\pedse\Desktop\DIPagrindai\lab3\images\paper\CJ3BCSOVp8uzaPnY.png,CJ3BCSOVp8uzaPnY.png,paper,0,train
C:\Users\pedse\Desktop\DIPagrindai\lab3\images\paper\X3iDu3E3UCW1w1Cd.png,X3iDu3E3UCW1w1Cd.png,paper,0,train
C:\Users\pedse\Desktop\DIPagrindai\lab3\images\paper\eiiwN1DsKoIheMgz.png,eiiwN1DsKoIheMgz.png,paper,0,train
C:\Users\pedse\Desktop\DIPagrindai\lab3\images\paper\ueuECCtQxOjHF1ij.png,ueuECCtQxOjHF1ij.png,paper,0,train
C:\Users\pedse\Desktop\DIPagrindai\lab3\images\paper\8q4xxTvBVnXTRSQy.png,8q4xxTvBVnXTRSQy.png,paper,0,train
C:\Users\pedse\Desktop\DIPagrindai\lab3\images\rock\HY0UHs2e3ydpvynQ.png,HY0UHs2e3ydpvynQ.png,rock,1,train
C:\Users\pedse\Desktop\DIPagrindai\lab3\images\rock\BnnRzew7yA30gyts.png,BnnRzew7yA30gyts.png,rock,1,train
C:\Users\pedse\Desktop\DIPagrindai\lab3\images\scissors\mdSPppG9v9OmnIyY.png,mdSPppG9v9OmnIyY.png,scissors,2,train
C:\Users\pedse\Desktop\DIPagrindai\lab3\images\rock\yJeAgusgncrC0SBZ.png,yJeAgusgncrC0SBZ.png,rock,1,train
C:\Users\pedse\Desktop\DIPagrindai\lab3\images\scissors\1MMkSW3f1CAsw03q.png,1MMkSW3f1CAsw03q.png,scissors,2,train
C:\Users\pedse\Desktop\DIPagrindai\lab3\images\scissors\RPQtLp789cqfKEQE.png,RPQtLp789cqfKEQE.png,scissors,2,train
C:\Users\pedse\Desktop\DIPagrindai\lab3\images\rock\84UHPxArtBOr8GF2.png,84UHPxArtBOr8GF2.png,rock,1,train
C:\Users\pedse\Desktop\DIPagrindai\lab3\images\paper\QASICiZe79sFTXBz.png,QASICiZe79sFTXBz.png,paper,0,train
C:\Users\pedse\Desktop\DIPagrindai\lab3\images\paper\FEdPo8Z0t3bB1hHC.png,FEdPo8Z0t3bB1hHC.png,paper,0,train
C:\Users\pedse\Desktop\DIPagrindai\lab3\images\rock\4RyeZiScDO5Z45oG.png,4RyeZiScDO5Z45oG.png,rock,1,train
C:\Users\pedse\Desktop\DIPagrindai\lab3\images\rock\KtMqF92CMvQOIRrO.png,KtMqF92CMvQOIRrO.png,rock,1,train
C:\Users\pedse\Desktop\DIPagrindai\lab3\images\rock\WoSeauZwsvZTvL5B.png,WoSeauZwsvZTvL5B.png,rock,1,train
C:\Users\pedse\Desktop\DIPagrindai\lab3\images\rock\IcqtnpGHgStAPMXM.png,IcqtnpGHgStAPMXM.png,rock,1,train
C:\Users\pedse\Desktop\DIPagrindai\lab3\images\scissors\o00DBW79f2BHDaJ2.png,o00DBW79f2BHDaJ2.png,scissors,2,train
C:\Users\pedse\Desktop\DIPagrindai\lab3\images\scissors\Egi7OpuV8V24C2LP.png,Egi7OpuV8V24C2LP.png,scissors,2,train
C:\Users\pedse\Desktop\DIPagrindai\lab3\images\paper\OSEIPDjPzHw3gKjc.png,OSEIPDjPzHw3gKjc.png,paper,0,train
C:\Users\pedse\Desktop\DIPagrindai\lab3\images\rock\cY3jY96VetFq6Ayp.png,cY3jY96VetFq6Ayp.png,rock,1,train
C:\Users\pedse\Desktop\DIPagrindai\lab3\images\scissors\yxCsGCXdJ0UuGEol.png,yxCsGCXdJ0UuGEol.png,scissors,2,train
C:\Users\pedse\Desktop\DIPagrindai\lab3\images\paper\nSfRj8Sp6S0GsMVm.png,nSfRj8Sp6S0GsMVm.png,paper,0,train
C:\Users\pedse\Desktop\DIPagrindai\lab3\images\paper\JFOcfFSm3Ul0Xkha.png,JFOcfFSm3Ul0Xkha.png,paper,0,train
C:\Users\pedse\Desktop\DIPagrindai\lab3\images\scissors\cDveaur4dR2ZCCo8.png,cDveaur4dR2ZCCo8.png,scissors,2,train
C:\Users\pedse\Desktop\DIPagrindai\lab3\images\scissors\1UojLz4CrT2G1Eo5.png,1UojLz4CrT2G1Eo5.png,scissors,2,train
C:\Users\pedse\Desktop\DIPagrindai\lab3\images\rock\eTo9zgxdhJJAvrfM.png,eTo9zgxdhJJAvrfM.png,rock,1,train
C:\Users\pedse\Desktop\DIPagrindai\lab3\images\rock\H3USQGpRNkk6KyXa.png,H3USQGpRNkk6KyXa.png,rock,1,train
C:\Users\pedse\Desktop\DIPagrindai\lab3\images\paper\n8IzyztMwnfa5rjf.png,n8IzyztMwnfa5rjf.png,paper,0,train
C:\Users\pedse\Desktop\DIPagrindai\lab3\images\scissors\Ckqc5ia9xteRont9.png,Ckqc5ia9xteRont9.png,scissors,2,train
C:\Users\pedse\Desktop\DIPagrindai\lab3\images\scissors\wxHuDLxKADn1JJqS.png,wxHuDLxKADn1JJqS.png,scissors,2,train
C:\Users\pedse\Desktop\DIPagrindai\lab3\images\scissors\6drquJLYR4bjZX2E.png,6drquJLYR4bjZX2E.png,scissors,2,train
C:\Users\pedse\Desktop\DIPagrindai\lab3\images\scissors\Dcb4pD70p3oKdeIW.png,Dcb4pD70p3oKdeIW.png,scissors,2,train
C:\Users\pedse\Desktop\DIPagrindai\lab3\images\scissors\tLHK08LTpqrSPnkX.png,tLHK08LTpqrSPnkX.png,scissors,2,train
C:\Users\pedse\Desktop\DIPagrindai\lab3\images\rock\6sInddznuGf5KuRo.png,6sInddznuGf5KuRo.png,rock,1,train
C:\Users\pedse\Desktop\DIPagrindai\lab3\images\rock\Qm3EaazkLKL9qJJz.png,Qm3EaazkLKL9qJJz.png,rock,1,train
C:\Users\pedse\Desktop\DIPagrindai\lab3\images\paper\A0Dgq561RAiluT9p.png,A0Dgq561RAiluT9p.png,paper,0,train
C:\Users\pedse\Desktop\DIPagrindai\lab3\images\rock\xDVakDa8abIKURzb.png,xDVakDa8abIKURzb.png,rock,1,train
C:\Users\pedse\Desktop\DIPagrindai\lab3\images\scissors\0Flw60Z2MAWWKn6S.png,0Flw60Z2MAWWKn6S.png,scissors,2,train
C:\Users\pedse\Desktop\DIPagrindai\lab3\images\paper\RlpqfQnTgM6AxUNs.png,RlpqfQnTgM6AxUNs.png,paper,0,train
C:\Users\pedse\Desktop\DIPagrindai\lab3\images\paper\gR2aEiEX8CzCtyBN.png,gR2aEiEX8CzCtyBN.png,paper,0,train
C:\Users\pedse\Desktop\DIPagrindai\lab3\images\paper\ClP1hwm5k2IQsG1B.png,ClP1hwm5k2IQsG1B.png,paper,0,train
C:\Users\pedse\Desktop\DIPagrindai\lab3\images\rock\I1T89xw2qr4aTrzq.png,I1T89xw2qr4aTrzq.png,rock,1,train
C:\Users\pedse\Desktop\DIPagrindai\lab3\images\paper\ojF0xyUvkvV3iujz.png,ojF0xyUvkvV3iujz.png,paper,0,train
C:\Users\pedse\Desktop\DIPagrindai\lab3\images\paper\FJoRrTDakCLyWs75.png,FJoRrTDakCLyWs75.png,paper,0,train
C:\Users\pedse\Desktop\DIPagrindai\lab3\images\scissors\2E8j595xseKRF60J.png,2E8j595xseKRF60J.png,scissors,2,train
C:\Users\pedse\Desktop\DIPagrindai\lab3\images\paper\Y7DDimLAYeU323au.png,Y7DDimLAYeU323au.png,paper,0,train
C:\Users\pedse\Desktop\DIPagrindai\lab3\images\rock\oIoIl8ZLod1q9i1s.png,oIoIl8ZLod1q9i1s.png,rock,1,train
C:\Users\pedse\Desktop\DIPagrindai\lab3\images\rock\YmNXS0VhjQjldK3P.png,YmNXS0VhjQjldK3P.png,rock,1,train
C:\Users\pedse\Desktop\DIPagrindai\lab3\images\paper\OhkFvTOiBqphyG0I.png,OhkFvTOiBqphyG0I.png,paper,0,train
C:\Users\pedse\Desktop\DIPagrindai\lab3\images\paper\ejC8QIku5jrtci48.png,ejC8QIku5jrtci48.png,paper,0,train
C:\Users\pedse\Desktop\DIPagrindai\lab3\images\scissors\RbjC5b9sd5JtTlOf.png,RbjC5b9sd5JtTlOf.png,scissors,2,train
C:\Users\pedse\Desktop\DIPagrindai\lab3\images\paper\UVuauoFm9Pk5JJre.png,UVuauoFm9Pk5JJre.png,paper,0,train
C:\Users\pedse\Desktop\DIPagrindai\lab3\images\rock\kfz2fRvWcTqPzQxn.png,kfz2fRvWcTqPzQxn.png,rock,1,train
C:\Users\pedse\Desktop\DIPagrindai\lab3\images\scissors\8Gew5erdZ7A4K3gI.png,8Gew5erdZ7A4K3gI.png,scissors,2,train
C:\Users\pedse\Desktop\DIPagrindai\lab3\images\rock\iKI9Mw3KvEOuuj9o.png,iKI9Mw3KvEOuuj9o.png,rock,1,train
C:\Users\pedse\Desktop\DIPagrindai\lab3\images\paper\3tyVmhojjwETaf1u.png,3tyVmhojjwETaf1u.png,paper,0,train
C:\Users\pedse\Desktop\DIPagrindai\lab3\images\rock\kVwUUOjOc6VtZVMt.png,kVwUUOjOc6VtZVMt.png,rock,1,train
C:\Users\pedse\Desktop\DIPagrindai\lab3\images\scissors\xQB1ghQm8FBFNtBX.png,xQB1ghQm8FBFNtBX.png,scissors,2,train
C:\Users\pedse\Desktop\DIPagrindai\lab3\images\scissors\dowAehk6HVomDGpw.png,dowAehk6HVomDGpw.png,scissors,2,train
C:\Users\pedse\Desktop\DIPagrindai\lab3\images\scissors\xCagFKogHbiqcrmG.png,xCagFKogHbiqcrmG.png,scissors,2,train
C:\Users\pedse\Desktop\DIPagrindai\lab3\images\rock\GA6w6DqplIPDNDeO.png,GA6w6DqplIPDNDeO.png,rock,1,train
C:\Users\pedse\Desktop\DIPagrindai\lab3\images\scissors\Px1M92VqNpLveOTC.png,Px1M92VqNpLveOTC.png,scissors,2,train
C:\Users\pedse\Desktop\DIPagrindai\lab3\images\scissors\yt2EhLUQ7yDuIlG4.png,yt2EhLUQ7yDuIlG4.png,scissors,2,train
C:\Users\pedse\Desktop\DIPagrindai\lab3\images\rock\FQKAKSGEI0OuRQhh.png,FQKAKSGEI0OuRQhh.png,rock,1,train
C:\Users\pedse\Desktop\DIPagrindai\lab3\images\scissors\s9hnXT0uSjC6vl6W.png,s9hnXT0uSjC6vl6W.png,scissors,2,train
C:\Users\pedse\Desktop\DIPagrindai\lab3\images\scissors\yPDwuZYpXF1iWDVh.png,yPDwuZYpXF1iWDVh.png,scissors,2,train
C:\Users\pedse\Desktop\DIPagrindai\lab3\images\paper\Qx31hf6YWyFs6Mu7.png,Qx31hf6YWyFs6Mu7.png,paper,0,train
C:\Users\pedse\Desktop\DIPagrindai\lab3\images\rock\iupz1I8ISgp6PDj7.png,iupz1I8ISgp6PDj7.png,rock,1,train
C:\Users\pedse\Desktop\DIPagrindai\lab3\images\paper\sisDkUJdIN7AkgTV.png,sisDkUJdIN7AkgTV.png,paper,0,train
C:\Users\pedse\Desktop\DIPagrindai\lab3\images\scissors\GfBCXN6UyOkkwshw.png,GfBCXN6UyOkkwshw.png,scissors,2,train
C:\Users\pedse\Desktop\DIPagrindai\lab3\images\paper\svY0FVnjij1nSJDK.png,svY0FVnjij1nSJDK.png,paper,0,train
C:\Users\pedse\Desktop\DIPagrindai\lab3\images\rock\p68vc2nK8JZRDmBx.png,p68vc2nK8JZRDmBx.png,rock,1,train
C:\Users\pedse\Desktop\DIPagrindai\lab3\images\paper\V3Z0tEoM7Cq761eZ.png,V3Z0tEoM7Cq761eZ.png,paper,0,train
C:\Users\pedse\Desktop\DIPagrindai\lab3\images\scissors\aMTILDN4K2ZEjYAx.png,aMTILDN4K2ZEjYAx.png,scissors,2,train
C:\Users\pedse\Desktop\DIPagrindai\lab3\images\paper\qRNjm8INtwezm9Yd.png,qRNjm8INtwezm9Yd.png,paper,0,train
C:\Users\pedse\Desktop\DIPagrindai\lab3\images\paper\8I8hrFbPPNz6qWeV.png,8I8hrFbPPNz6qWeV.png,paper,0,train
C:\Users\pedse\Desktop\DIPagrindai\lab3\images\rock\eGm3dLnWBxRrjlJX.png,eGm3dLnWBxRrjlJX.png,rock,1,train
C:\Users\pedse\Desktop\DIPagrindai\lab3\images\scissors\hzfrafUqDDoL0esu.png,hzfrafUqDDoL0esu.png,scissors,2,train
C:\Users\pedse\Desktop\DIPagrindai\lab3\images\scissors\65PVbRzrpzfdu8nJ.png,65PVbRzrpzfdu8nJ.png,scissors,2,train
C:\Users\pedse\Desktop\DIPagrindai\lab3\images\scissors\sC3hanWBPaeGV4xg.png,sC3hanWBPaeGV4xg.png,scissors,2,train
C:\Users\pedse\Desktop\DIPagrindai\lab3\images\scissors\9tyrAAweW8qCI4st.png,9tyrAAweW8qCI4st.png,scissors,2,train
C:\Users\pedse\Desktop\DIPagrindai\lab3\images\rock\1BqjHe5igJAgUjiN.png,1BqjHe5igJAgUjiN.png,rock,1,train
C:\Users\pedse\Desktop\DIPagrindai\lab3\images\scissors\caj9PiWZ2BenuxXF.png,caj9PiWZ2BenuxXF.png,scissors,2,train
C:\Users\pedse\Desktop\DIPagrindai\lab3\images\paper\BLqL31aC5YLmx3uF.png,BLqL31aC5YLmx3uF.png,paper,0,train
C:\Users\pedse\Desktop\DIPagrindai\lab3\images\paper\hfYfNNtqkFzF9BE4.png,hfYfNNtqkFzF9BE4.png,paper,0,train
C:\Users\pedse\Desktop\DIPagrindai\lab3\images\paper\QWT9FOhLABPyKIUA.png,QWT9FOhLABPyKIUA.png,paper,0,train
C:\Users\pedse\Desktop\DIPagrindai\lab3\images\scissors\bzQcSRVP3M7abinD.png,bzQcSRVP3M7abinD.png,scissors,2,train
C:\Users\pedse\Desktop\DIPagrindai\lab3\images\scissors\TJUiCdN9LUl2xPSE.png,TJUiCdN9LUl2xPSE.png,scissors,2,train
C:\Users\pedse\Desktop\DIPagrindai\lab3\images\scissors\dFlxUAypUgfOZqoV.png,dFlxUAypUgfOZqoV.png,scissors,2,train
C:\Users\pedse\Desktop\DIPagrindai\lab3\images\rock\QM8un28uGzplAkrb.png,QM8un28uGzplAkrb.png,rock,1,train
C:\Users\pedse\Desktop\DIPagrindai\lab3\images\paper\5RvFm2PYoG18yIZO.png,5RvFm2PYoG18yIZO.png,paper,0,train
C:\Users\pedse\Desktop\DIPagrindai\lab3\images\rock\kW4W7E0A1Wpo45eL.png,kW4W7E0A1Wpo45eL.png,rock,1,train
C:\Users\pedse\Desktop\DIPagrindai\lab3\images\paper\PDV8vSlSFdej3jNx.png,PDV8vSlSFdej3jNx.png,paper,0,train
C:\Users\pedse\Desktop\DIPagrindai\lab3\images\scissors\At8YmfH681yAI9O6.png,At8YmfH681yAI9O6.png,scissors,2,train
C:\Users\pedse\Desktop\DIPagrindai\lab3\images\scissors\wvySukQJa9DYOX8v.png,wvySukQJa9DYOX8v.png,scissors,2,train
C:\Users\pedse\Desktop\DIPagrindai\lab3\images\rock\W502bu3C93KtmDol.png,W502bu3C93KtmDol.png,rock,1,train
C:\Users\pedse\Desktop\DIPagrindai\lab3\images\scissors\sYwtAuLI5zLIEfJI.png,sYwtAuLI5zLIEfJI.png,scissors,2,train
C:\Users\pedse\Desktop\DIPagrindai\lab3\images\scissors\PnuPFf14FGLB9AKu.png,PnuPFf14FGLB9AKu.png,scissors,2,train
C:\Users\pedse\Desktop\DIPagrindai\lab3\images\paper\oAvUHooYsSpFid0p.png,oAvUHooYsSpFid0p.png,paper,0,train
C:\Users\pedse\Desktop\DIPagrindai\lab3\images\rock\9a9TiJDB5oAWqO9U.png,9a9TiJDB5oAWqO9U.png,rock,1,train
C:\Users\pedse\Desktop\DIPagrindai\lab3\images\paper\SDQQfzHl47yNqA6K.png,SDQQfzHl47yNqA6K.png,paper,0,train
C:\Users\pedse\Desktop\DIPagrindai\lab3\images\paper\YaRk8v83K7BQmi5G.png,YaRk8v83K7BQmi5G.png,paper,0,train
C:\Users\pedse\Desktop\DIPagrindai\lab3\images\scissors\evBSpeXRlbUu82CV.png,evBSpeXRlbUu82CV.png,scissors,2,train
C:\Users\pedse\Desktop\DIPagrindai\lab3\images\scissors\7gnNbHRprrV3r7kX.png,7gnNbHRprrV3r7kX.png,scissors,2,train
C:\Users\pedse\Desktop\DIPagrindai\lab3\images\scissors\SEQCe9xFE7XXGeUh.png,SEQCe9xFE7XXGeUh.png,scissors,2,train
C:\Users\pedse\Desktop\DIPagrindai\lab3\images\scissors\PnOq5kwHISggPuW4.png,PnOq5kwHISggPuW4.png,scissors,2,train
C:\Users\pedse\Desktop\DIPagrindai\lab3\images\paper\AfvIbTwxuG0q7Ij1.png,AfvIbTwxuG0q7Ij1.png,paper,0,train
C:\Users\pedse\Desktop\DIPagrindai\lab3\images\scissors\WQlZZHmfKvMFfUE8.png,WQlZZHmfKvMFfUE8.png,scissors,2,train
C:\Users\pedse\Desktop\DIPagrindai\lab3\images\rock\evxvBwQgL8Kvv67C.png,evxvBwQgL8Kvv67C.png,rock,1,train
C:\Users\pedse\Desktop\DIPagrindai\lab3\images\paper\E4TyifCgPm6OwcrY.png,E4TyifCgPm6OwcrY.png,paper,0,train
C:\Users\pedse\Desktop\DIPagrindai\lab3\images\rock\HWvrWXLQywNe1aCF.png,HWvrWXLQywNe1aCF.png,rock,1,train
C:\Users\pedse\Desktop\DIPagrindai\lab3\images\paper\RQ78Zpf7uYHXCYcb.png,RQ78Zpf7uYHXCYcb.png,paper,0,train
C:\Users\pedse\Desktop\DIPagrindai\lab3\images\rock\2JRYQXb5kmlhgD5i.png,2JRYQXb5kmlhgD5i.png,rock,1,train
C:\Users\pedse\Desktop\DIPagrindai\lab3\images\paper\W4QtOYoG8ThbcmsY.png,W4QtOYoG8ThbcmsY.png,paper,0,train
C:\Users\pedse\Desktop\DIPagrindai\lab3\images\rock\CkjdMgxvvA6Ll8Ca.png,CkjdMgxvvA6Ll8Ca.png,rock,1,train
C:\Users\pedse\Desktop\DIPagrindai\lab3\images\scissors\NMWjLWPkXc8YmJTP.png,NMWjLWPkXc8YmJTP.png,scissors,2,train
C:\Users\pedse\Desktop\DIPagrindai\lab3\images\paper\QCqvYDzuP0z3omox.png,QCqvYDzuP0z3omox.png,paper,0,train
C:\Users\pedse\Desktop\DIPagrindai\lab3\images\rock\kcZfTQqKr8VaSjhk.png,kcZfTQqKr8VaSjhk.png,rock,1,train
C:\Users\pedse\Desktop\DIPagrindai\lab3\images\scissors\Rc1pRmm4p20kAl7A.png,Rc1pRmm4p20kAl7A.png,scissors,2,train
C:\Users\pedse\Desktop\DIPagrindai\lab3\images\paper\9rwmakEj6Wg1YQWW.png,9rwmakEj6Wg1YQWW.png,paper,0,train
C:\Users\pedse\Desktop\DIPagrindai\lab3\images\scissors\M5u2FmtXKSMtK8yN.png,M5u2FmtXKSMtK8yN.png,scissors,2,train
C:\Users\pedse\Desktop\DIPagrindai\lab3\images\rock\nx0qhNSB7YMLfe2E.png,nx0qhNSB7YMLfe2E.png,rock,1,train
C:\Users\pedse\Desktop\DIPagrindai\lab3\images\scissors\FEpMZLoRy5eAgRvh.png,FEpMZLoRy5eAgRvh.png,scissors,2,train
C:\Users\pedse\Desktop\DIPagrindai\lab3\images\paper\pUCjvjdpH5HSaWxl.png,pUCjvjdpH5HSaWxl.png,paper,0,train
C:\Users\pedse\Desktop\DIPagrindai\lab3\images\rock\SE5eUJl8euX8gTJ3.png,SE5eUJl8euX8gTJ3.png,rock,1,train
C:\Users\pedse\Desktop\DIPagrindai\lab3\images\rock\pmukoZQITHhWvDDb.png,pmukoZQITHhWvDDb.png,rock,1,train
C:\Users\pedse\Desktop\DIPagrindai\lab3\images\paper\ehzdlf5B1HtVgpRs.png,ehzdlf5B1HtVgpRs.png,paper,0,train
C:\Users\pedse\Desktop\DIPagrindai\lab3\images\scissors\TTISkHEEyMVpUk5B.png,TTISkHEEyMVpUk5B.png,scissors,2,train
C:\Users\pedse\Desktop\DIPagrindai\lab3\images\rock\rzRKFMMFob6PQPxk.png,rzRKFMMFob6PQPxk.png,rock,1,train
C:\Users\pedse\Desktop\DIPagrindai\lab3\images\rock\tErKQ83tdngWfp23.png,tErKQ83tdngWfp23.png,rock,1,train
C:\Users\pedse\Desktop\DIPagrindai\lab3\images\paper\4484TuJc6AH7pDOG.png,4484TuJc6AH7pDOG.png,paper,0,train
C:\Users\pedse\Desktop\DIPagrindai\lab3\images\rock\INutMuoFBgugllQm.png,INutMuoFBgugllQm.png,rock,1,train
C:\Users\pedse\Desktop\DIPagrindai\lab3\images\rock\dA1kwqyPaGEErN3j.png,dA1kwqyPaGEErN3j.png,rock,1,train
C:\Users\pedse\Desktop\DIPagrindai\lab3\images\scissors\jMVjrTQfvJ0xLTOt.png,jMVjrTQfvJ0xLTOt.png,scissors,2,train
C:\Users\pedse\Desktop\DIPagrindai\lab3\images\scissors\U6bMgGB3gf9rMBvE.png,U6bMgGB3gf9rMBvE.png,scissors,2,train
C:\Users\pedse\Desktop\DIPagrindai\lab3\images\paper\KSueOZE0QWbJClvK.png,KSueOZE0QWbJClvK.png,paper,0,train
C:\Users\pedse\Desktop\DIPagrindai\lab3\images\paper\VstDOeRm7czrAOO9.png,VstDOeRm7czrAOO9.png,paper,0,train
C:\Users\pedse\Desktop\DIPagrindai\lab3\images\scissors\IqHedcZ3nrBRxpn6.png,IqHedcZ3nrBRxpn6.png,scissors,2,train
C:\Users\pedse\Desktop\DIPagrindai\lab3\images\rock\bsXoToIcgrXUypd0.png,bsXoToIcgrXUypd0.png,rock,1,train
C:\Users\pedse\Desktop\DIPagrindai\lab3\images\scissors\RCThbCZDuS9DMCY7.png,RCThbCZDuS9DMCY7.png,scissors,2,train
C:\Users\pedse\Desktop\DIPagrindai\lab3\images\paper\BbOoLEGslGMBu7sj.png,BbOoLEGslGMBu7sj.png,paper,0,train
C:\Users\pedse\Desktop\DIPagrindai\lab3\images\paper\SoqluLecSTBcuyoS.png,SoqluLecSTBcuyoS.png,paper,0,train
C:\Users\pedse\Desktop\DIPagrindai\lab3\images\paper\YnANqAVHDOylhBls.png,YnANqAVHDOylhBls.png,paper,0,train
C:\Users\pedse\Desktop\DIPagrindai\lab3\images\scissors\KSNET1XTWbrg5Rcz.png,KSNET1XTWbrg5Rcz.png,scissors,2,train
C:\Users\pedse\Desktop\DIPagrindai\lab3\images\scissors\XXKgbWzJCa3JSYdz.png,XXKgbWzJCa3JSYdz.png,scissors,2,train
C:\Users\pedse\Desktop\DIPagrindai\lab3\images\rock\ELmZ4ELVncvjq7J6.png,ELmZ4ELVncvjq7J6.png,rock,1,train
C:\Users\pedse\Desktop\DIPagrindai\lab3\images\rock\BYoDUgGsCMmAIF9I.png,BYoDUgGsCMmAIF9I.png,rock,1,train
C:\Users\pedse\Desktop\DIPagrindai\lab3\images\paper\Dvamqz9JlSMySW1i.png,Dvamqz9JlSMySW1i.png,paper,0,train
C:\Users\pedse\Desktop\DIPagrindai\lab3\images\scissors\CjjM6i1OEFaKcm6e.png,CjjM6i1OEFaKcm6e.png,scissors,2,train
C:\Users\pedse\Desktop\DIPagrindai\lab3\images\scissors\mxNMUcdf5UjHfyZQ.png,mxNMUcdf5UjHfyZQ.png,scissors,2,train
C:\Users\pedse\Desktop\DIPagrindai\lab3\images\rock\Mi2FjtLVdVgcJHxP.png,Mi2FjtLVdVgcJHxP.png,rock,1,train
C:\Users\pedse\Desktop\DIPagrindai\lab3\images\rock\ZVYkpv1wvpH7lSDu.png,ZVYkpv1wvpH7lSDu.png,rock,1,train
C:\Users\pedse\Desktop\DIPagrindai\lab3\images\rock\5SeLlZliRJtZAnIZ.png,5SeLlZliRJtZAnIZ.png,rock,1,train
C:\Users\pedse\Desktop\DIPagrindai\lab3\images\rock\hOgtdOKps4GHrC05.png,hOgtdOKps4GHrC05.png,rock,1,train
C:\Users\pedse\Desktop\DIPagrindai\lab3\images\rock\YsMoNGFWu7H9X7DM.png,YsMoNGFWu7H9X7DM.png,rock,1,train
C:\Users\pedse\Desktop\DIPagrindai\lab3\images\scissors\6weMqPPWdXLD7lNy.png,6weMqPPWdXLD7lNy.png,scissors,2,train
C:\Users\pedse\Desktop\DIPagrindai\lab3\images\scissors\aMAVOdimraDSK6P1.png,aMAVOdimraDSK6P1.png,scissors,2,train
C:\Users\pedse\Desktop\DIPagrindai\lab3\images\rock\1vvcitV1s17gKdbn.png,1vvcitV1s17gKdbn.png,rock,1,train
C:\Users\pedse\Desktop\DIPagrindai\lab3\images\rock\9STiLxSOXvh5kjda.png,9STiLxSOXvh5kjda.png,rock,1,train
C:\Users\pedse\Desktop\DIPagrindai\lab3\images\scissors\gK1XEsUjwJ5gDOSz.png,gK1XEsUjwJ5gDOSz.png,scissors,2,train
C:\Users\pedse\Desktop\DIPagrindai\lab3\images\rock\qTswJhA6jQYT4y3b.png,qTswJhA6jQYT4y3b.png,rock,1,train
C:\Users\pedse\Desktop\DIPagrindai\lab3\images\paper\eASnEW16rlMUPMf3.png,eASnEW16rlMUPMf3.png,paper,0,train
C:\Users\pedse\Desktop\DIPagrindai\lab3\images\rock\so3Om75mBnUfBdTe.png,so3Om75mBnUfBdTe.png,rock,1,train
C:\Users\pedse\Desktop\DIPagrindai\lab3\images\rock\PP5HF3TrSg1DzqjX.png,PP5HF3TrSg1DzqjX.png,rock,1,train
C:\Users\pedse\Desktop\DIPagrindai\lab3\images\scissors\sJtSZbQH0MF9U4oa.png,sJtSZbQH0MF9U4oa.png,scissors,2,train
C:\Users\pedse\Desktop\DIPagrindai\lab3\images\scissors\95NcnE0omOzXLqs3.png,95NcnE0omOzXLqs3.png,scissors,2,train
C:\Users\pedse\Desktop\DIPagrindai\lab3\images\scissors\ik80sIT0Ao6APY3M.png,ik80sIT0Ao6APY3M.png,scissors,2,train
C:\Users\pedse\Desktop\DIPagrindai\lab3\images\paper\FxLuxwBp9Hw2th2O.png,FxLuxwBp9Hw2th2O.png,paper,0,train
C:\Users\pedse\Desktop\DIPagrindai\lab3\images\paper\Cx9G4YyKPI9MPcqp.png,Cx9G4YyKPI9MPcqp.png,paper,0,train
C:\Users\pedse\Desktop\DIPagrindai\lab3\images\scissors\1lEpWTJDphkm3HdC.png,1lEpWTJDphkm3HdC.png,scissors,2,train
C:\Users\pedse\Desktop\DIPagrindai\lab3\images\rock\hfvXIbr96w55MAIz.png,hfvXIbr96w55MAIz.png,rock,1,train
C:\Users\pedse\Desktop\DIPagrindai\lab3\images\rock\rzLjaOMLU7vbZnPH.png,rzLjaOMLU7vbZnPH.png,rock,1,train
C:\Users\pedse\Desktop\DIPagrindai\lab3\images\scissors\3sHqqD2BAKmQp4dk.png,3sHqqD2BAKmQp4dk.png,scissors,2,train
C:\Users\pedse\Desktop\DIPagrindai\lab3\images\scissors\XEmNGqnMFMoeRQRi.png,XEmNGqnMFMoeRQRi.png,scissors,2,train
C:\Users\pedse\Desktop\DIPagrindai\lab3\images\scissors\R27mU9zJCmv8wi1o.png,R27mU9zJCmv8wi1o.png,scissors,2,train
C:\Users\pedse\Desktop\DIPagrindai\lab3\images\paper\gpipGA62xfMjfr8O.png,gpipGA62xfMjfr8O.png,paper,0,train
C:\Users\pedse\Desktop\DIPagrindai\lab3\images\rock\GsInYLhWgEFn0geb.png,GsInYLhWgEFn0geb.png,rock,1,train
C:\Users\pedse\Desktop\DIPagrindai\lab3\images\rock\dZ6rscIYTbmlwVZE.png,dZ6rscIYTbmlwVZE.png,rock,1,train
C:\Users\pedse\Desktop\DIPagrindai\lab3\images\rock\9Xi2VuW7sti2BV2H.png,9Xi2VuW7sti2BV2H.png,rock,1,train
C:\Users\pedse\Desktop\DIPagrindai\lab3\images\scissors\vk4PY18fJkMJvtbm.png,vk4PY18fJkMJvtbm.png,scissors,2,train
C:\Users\pedse\Desktop\DIPagrindai\lab3\images\rock\W7LNJeGLwxY8gzGf.png,W7LNJeGLwxY8gzGf.png,rock,1,train
C:\Users\pedse\Desktop\DIPagrindai\lab3\images\rock\OCVnkabSoNdmkHiU.png,OCVnkabSoNdmkHiU.png,rock,1,train
C:\Users\pedse\Desktop\DIPagrindai\lab3\images\scissors\6ZoT4ZO8D4G74afj.png,6ZoT4ZO8D4G74afj.png,scissors,2,train
C:\Users\pedse\Desktop\DIPagrindai\lab3\images\rock\aM5kGWsMPDGNdc3J.png,aM5kGWsMPDGNdc3J.png,rock,1,train
C:\Users\pedse\Desktop\DIPagrindai\lab3\images\scissors\55yz6JI9f5DTbq9D.png,55yz6JI9f5DTbq9D.png,scissors,2,train
C:\Users\pedse\Desktop\DIPagrindai\lab3\images\paper\1yKjzquSvl9ShK7K.png,1yKjzquSvl9ShK7K.png,paper,0,train
C:\Users\pedse\Desktop\DIPagrindai\lab3\images\paper\Arbkrts1pXpDNgFV.png,Arbkrts1pXpDNgFV.png,paper,0,train
C:\Users\pedse\Desktop\DIPagrindai\lab3\images\paper\Uok6jb9ObZxSWCDu.png,Uok6jb9ObZxSWCDu.png,paper,0,train
C:\Users\pedse\Desktop\DIPagrindai\lab3\images\rock\PXIxKdf4DvyHXy89.png,PXIxKdf4DvyHXy89.png,rock,1,train
C:\Users\pedse\Desktop\DIPagrindai\lab3\images\rock\NlFsco3hpee3X0wS.png,NlFsco3hpee3X0wS.png,rock,1,train
C:\Users\pedse\Desktop\DIPagrindai\lab3\images\paper\H8n0niVYdIGNGE0d.png,H8n0niVYdIGNGE0d.png,paper,0,train
C:\Users\pedse\Desktop\DIPagrindai\lab3\images\rock\B4x3aTJOO6e3BIIX.png,B4x3aTJOO6e3BIIX.png,rock,1,train
C:\Users\pedse\Desktop\DIPagrindai\lab3\images\scissors\Zz1djgkAdRqsHM3z.png,Zz1djgkAdRqsHM3z.png,scissors,2,train
C:\Users\pedse\Desktop\DIPagrindai\lab3\images\paper\em91htnBohvtnG2e.png,em91htnBohvtnG2e.png,paper,0,train
C:\Users\pedse\Desktop\DIPagrindai\lab3\images\paper\GelC88IvDZoRejHp.png,GelC88IvDZoRejHp.png,paper,0,train
C:\Users\pedse\Desktop\DIPagrindai\lab3\images\paper\xyFhBLzUNatOchjM.png,xyFhBLzUNatOchjM.png,paper,0,train
C:\Users\pedse\Desktop\DIPagrindai\lab3\images\paper\O4H6QPX8bdwNiIie.png,O4H6QPX8bdwNiIie.png,paper,0,train
C:\Users\pedse\Desktop\DIPagrindai\lab3\images\paper\Om6b4BvZS49QNNFV.png,Om6b4BvZS49QNNFV.png,paper,0,train
C:\Users\pedse\Desktop\DIPagrindai\lab3\images\rock\1DxbXT3M2qiMjCmC.png,1DxbXT3M2qiMjCmC.png,rock,1,train
C:\Users\pedse\Desktop\DIPagrindai\lab3\images\scissors\L6O2HLgQIo7XdfdU.png,L6O2HLgQIo7XdfdU.png,scissors,2,train
C:\Users\pedse\Desktop\DIPagrindai\lab3\images\rock\43pApTDJOff5Fy62.png,43pApTDJOff5Fy62.png,rock,1,train
C:\Users\pedse\Desktop\DIPagrindai\lab3\images\paper\LqxEdPczGbYd9Zlu.png,LqxEdPczGbYd9Zlu.png,paper,0,train
C:\Users\pedse\Desktop\DIPagrindai\lab3\images\scissors\o3cajP31029qBUIX.png,o3cajP31029qBUIX.png,scissors,2,train
C:\Users\pedse\Desktop\DIPagrindai\lab3\images\paper\6BIKQpfZEfQkCvrz.png,6BIKQpfZEfQkCvrz.png,paper,0,train
C:\Users\pedse\Desktop\DIPagrindai\lab3\images\rock\vgu9DXAirSqwFhWr.png,vgu9DXAirSqwFhWr.png,rock,1,train
C:\Users\pedse\Desktop\DIPagrindai\lab3\images\rock\kS7mPmAkxkSxs1WR.png,kS7mPmAkxkSxs1WR.png,rock,1,train
C:\Users\pedse\Desktop\DIPagrindai\lab3\images\paper\jXhwHToky4rsswCO.png,jXhwHToky4rsswCO.png,paper,0,train
C:\Users\pedse\Desktop\DIPagrindai\lab3\images\scissors\IBauM2TU1KmGhsfT.png,IBauM2TU1KmGhsfT.png,scissors,2,train
C:\Users\pedse\Desktop\DIPagrindai\lab3\images\paper\CbiqUiChqkXHb8jk.png,CbiqUiChqkXHb8jk.png,paper,0,train
C:\Users\pedse\Desktop\DIPagrindai\lab3\images\paper\wytuIz48uLeDoGqz.png,wytuIz48uLeDoGqz.png,paper,0,train
C:\Users\pedse\Desktop\DIPagrindai\lab3\images\scissors\h5MbTDhsN1x308Je.png,h5MbTDhsN1x308Je.png,scissors,2,train
C:\Users\pedse\Desktop\DIPagrindai\lab3\images\paper\FqTkhXfEVeaGHReH.png,FqTkhXfEVeaGHReH.png,paper,0,train
C:\Users\pedse\Desktop\DIPagrindai\lab3\images\paper\tHitLUmmXOyChXOH.png,tHitLUmmXOyChXOH.png,paper,0,train
C:\Users\pedse\Desktop\DIPagrindai\lab3\images\rock\7xID6kq32pdkEBIe.png,7xID6kq32pdkEBIe.png,rock,1,train
C:\Users\pedse\Desktop\DIPagrindai\lab3\images\paper\Httje79JB2p6ePf0.png,Httje79JB2p6ePf0.png,paper,0,train
C:\Users\pedse\Desktop\DIPagrindai\lab3\images\scissors\mRlkMzgNq3PxHHe4.png,mRlkMzgNq3PxHHe4.png,scissors,2,train
C:\Users\pedse\Desktop\DIPagrindai\lab3\images\paper\TmPdVzKg9yHUefja.png,TmPdVzKg9yHUefja.png,paper,0,train
C:\Users\pedse\Desktop\DIPagrindai\lab3\images\paper\ukOGooYiFOfJHNrx.png,ukOGooYiFOfJHNrx.png,paper,0,train
C:\Users\pedse\Desktop\DIPagrindai\lab3\images\paper\tfMCcOsRUhEJZF6I.png,tfMCcOsRUhEJZF6I.png,paper,0,train
C:\Users\pedse\Desktop\DIPagrindai\lab3\images\rock\jpuIILjefqjHtUtk.png,jpuIILjefqjHtUtk.png,rock,1,train
C:\Users\pedse\Desktop\DIPagrindai\lab3\images\rock\qJ0P3RNZJ1dL3lzS.png,qJ0P3RNZJ1dL3lzS.png,rock,1,train
C:\Users\pedse\Desktop\DIPagrindai\lab3\images\scissors\2gd0aqAxW55bHZP9.png,2gd0aqAxW55bHZP9.png,scissors,2,train
C:\Users\pedse\Desktop\DIPagrindai\lab3\images\rock\JxhewAxaOg3wB1gA.png,JxhewAxaOg3wB1gA.png,rock,1,train
C:\Users\pedse\Desktop\DIPagrindai\lab3\images\paper\znZ3UHvUM8ySVpDR.png,znZ3UHvUM8ySVpDR.png,paper,0,train
C:\Users\pedse\Desktop\DIPagrindai\lab3\images\scissors\T8GWcDJlUuzt12VL.png,T8GWcDJlUuzt12VL.png,scissors,2,train
C:\Users\pedse\Desktop\DIPagrindai\lab3\images\paper\BI9YnLkJ5wFZe6w8.png,BI9YnLkJ5wFZe6w8.png,paper,0,train
C:\Users\pedse\Desktop\DIPagrindai\lab3\images\paper\XnvU9UjrhVwfnSgj.png,XnvU9UjrhVwfnSgj.png,paper,0,train
C:\Users\pedse\Desktop\DIPagrindai\lab3\images\paper\oJi50DvlvFg4wTio.png,oJi50DvlvFg4wTio.png,paper,0,train
C:\Users\pedse\Desktop\DIPagrindai\lab3\images\rock\iYSPVRaZyIwKTrot.png,iYSPVRaZyIwKTrot.png,rock,1,train
C:\Users\pedse\Desktop\DIPagrindai\lab3\images\scissors\Sna2TBf27xfLdZgk.png,Sna2TBf27xfLdZgk.png,scissors,2,train
C:\Users\pedse\Desktop\DIPagrindai\lab3\images\rock\7cNxwgrraQGeA1LA.png,7cNxwgrraQGeA1LA.png,rock,1,train
C:\Users\pedse\Desktop\DIPagrindai\lab3\images\rock\DJUhF4lvtGZoaatl.png,DJUhF4lvtGZoaatl.png,rock,1,train
C:\Users\pedse\Desktop\DIPagrindai\lab3\images\paper\9RmM1chbNsDKXXlg.png,9RmM1chbNsDKXXlg.png,paper,0,train
C:\Users\pedse\Desktop\DIPagrindai\lab3\images\paper\owYHB2dx7ExdKxsR.png,owYHB2dx7ExdKxsR.png,paper,0,train
C:\Users\pedse\Desktop\DIPagrindai\lab3\images\rock\EvCwicQf5dVFto6x.png,EvCwicQf5dVFto6x.png,rock,1,train
C:\Users\pedse\Desktop\DIPagrindai\lab3\images\paper\zVMOQFwVINs3dj8o.png,zVMOQFwVINs3dj8o.png,paper,0,train
C:\Users\pedse\Desktop\DIPagrindai\lab3\images\scissors\fXrAew7llUJLK8CU.png,fXrAew7llUJLK8CU.png,scissors,2,train
C:\Users\pedse\Desktop\DIPagrindai\lab3\images\rock\tGBAO9oyBYRD7XXS.png,tGBAO9oyBYRD7XXS.png,rock,1,train
C:\Users\pedse\Desktop\DIPagrindai\lab3\images\scissors\4y86vmtzJs0qzfLf.png,4y86vmtzJs0qzfLf.png,scissors,2,train
C:\Users\pedse\Desktop\DIPagrindai\lab3\images\paper\FT9FiK5l1lohzfxI.png,FT9FiK5l1lohzfxI.png,paper,0,train
C:\Users\pedse\Desktop\DIPagrindai\lab3\images\scissors\WYOb0YuOVCMs7ebJ.png,WYOb0YuOVCMs7ebJ.png,scissors,2,train
C:\Users\pedse\Desktop\DIPagrindai\lab3\images\paper\pRZml1c5DSIzYVxA.png,pRZml1c5DSIzYVxA.png,paper,0,train
C:\Users\pedse\Desktop\DIPagrindai\lab3\images\rock\AbZoX8Iv6xigsR42.png,AbZoX8Iv6xigsR42.png,rock,1,train
C:\Users\pedse\Desktop\DIPagrindai\lab3\images\scissors\fNhHWQTLa9YBoIo2.png,fNhHWQTLa9YBoIo2.png,scissors,2,train
C:\Users\pedse\Desktop\DIPagrindai\lab3\images\scissors\e8p8cRK4gABNoiaZ.png,e8p8cRK4gABNoiaZ.png,scissors,2,train
C:\Users\pedse\Desktop\DIPagrindai\lab3\images\paper\nOTm1e00MAJxvpwp.png,nOTm1e00MAJxvpwp.png,paper,0,train
C:\Users\pedse\Desktop\DIPagrindai\lab3\images\scissors\a9YV7Tzoj751vTun.png,a9YV7Tzoj751vTun.png,scissors,2,train
C:\Users\pedse\Desktop\DIPagrindai\lab3\images\scissors\QnZhnT6KrmNd35VN.png,QnZhnT6KrmNd35VN.png,scissors,2,train
C:\Users\pedse\Desktop\DIPagrindai\lab3\images\scissors\277q9TUTAsBAbTCj.png,277q9TUTAsBAbTCj.png,scissors,2,train
C:\Users\pedse\Desktop\DIPagrindai\lab3\images\rock\9txR3KPmEGdjo4A6.png,9txR3KPmEGdjo4A6.png,rock,1,train
C:\Users\pedse\Desktop\DIPagrindai\lab3\images\paper\n9SDT7R9BSLRNCe1.png,n9SDT7R9BSLRNCe1.png,paper,0,train
C:\Users\pedse\Desktop\DIPagrindai\lab3\images\scissors\5mipmm4t8RM5o0tW.png,5mipmm4t8RM5o0tW.png,scissors,2,train
C:\Users\pedse\Desktop\DIPagrindai\lab3\images\paper\lhr6oNI2jMsi0Z6A.png,lhr6oNI2jMsi0Z6A.png,paper,0,train
C:\Users\pedse\Desktop\DIPagrindai\lab3\images\scissors\tY10CBYriMn4lsUO.png,tY10CBYriMn4lsUO.png,scissors,2,train
C:\Users\pedse\Desktop\DIPagrindai\lab3\images\paper\lqo55attrFxuKqlu.png,lqo55attrFxuKqlu.png,paper,0,train
C:\Users\pedse\Desktop\DIPagrindai\lab3\images\rock\FbQKEoixvDyDPu0c.png,FbQKEoixvDyDPu0c.png,rock,1,train
C:\Users\pedse\Desktop\DIPagrindai\lab3\images\rock\2EAkMCm7ZLnNoBQ7.png,2EAkMCm7ZLnNoBQ7.png,rock,1,train
C:\Users\pedse\Desktop\DIPagrindai\lab3\images\scissors\Ma48V1PQ0ylc88AU.png,Ma48V1PQ0ylc88AU.png,scissors,2,train
C:\Users\pedse\Desktop\DIPagrindai\lab3\images\rock\n3ryKsLTPcGhpW6S.png,n3ryKsLTPcGhpW6S.png,rock,1,train
C:\Users\pedse\Desktop\DIPagrindai\lab3\images\rock\tMiH4tj8YffHNl0O.png,tMiH4tj8YffHNl0O.png,rock,1,train
C:\Users\pedse\Desktop\DIPagrindai\lab3\images\rock\I9Ej8xGU5ivG8R2F.png,I9Ej8xGU5ivG8R2F.png,rock,1,train
C:\Users\pedse\Desktop\DIPagrindai\lab3\images\rock\HnWLgtGVbnoPAaMK.png,HnWLgtGVbnoPAaMK.png,rock,1,train
C:\Users\pedse\Desktop\DIPagrindai\lab3\images\rock\StZmJNdxOScdAqF0.png,StZmJNdxOScdAqF0.png,rock,1,train
C:\Users\pedse\Desktop\DIPagrindai\lab3\images\paper\sDAWCwVlT2NFpEAf.png,sDAWCwVlT2NFpEAf.png,paper,0,train
C:\Users\pedse\Desktop\DIPagrindai\lab3\images\rock\muKpkJF3C3j0TmAN.png,muKpkJF3C3j0TmAN.png,rock,1,train
C:\Users\pedse\Desktop\DIPagrindai\lab3\images\scissors\r2sdyTijtdmySs6h.png,r2sdyTijtdmySs6h.png,scissors,2,train
C:\Users\pedse\Desktop\DIPagrindai\lab3\images\rock\Lz2cVZ7LSaoXHcgr.png,Lz2cVZ7LSaoXHcgr.png,rock,1,train
C:\Users\pedse\Desktop\DIPagrindai\lab3\images\rock\sCkuAnI0vDucXt7m.png,sCkuAnI0vDucXt7m.png,rock,1,train
C:\Users\pedse\Desktop\DIPagrindai\lab3\images\paper\37PRV3B9HxuUPkQr.png,37PRV3B9HxuUPkQr.png,paper,0,train
C:\Users\pedse\Desktop\DIPagrindai\lab3\images\scissors\1Io5Ksm3bqy87EAU.png,1Io5Ksm3bqy87EAU.png,scissors,2,train
C:\Users\pedse\Desktop\DIPagrindai\lab3\images\scissors\d9N9D5ldS6PCfFXu.png,d9N9D5ldS6PCfFXu.png,scissors,2,train
C:\Users\pedse\Desktop\DIPagrindai\lab3\images\rock\weNeUSDwclSyOtnW.png,weNeUSDwclSyOtnW.png,rock,1,train
C:\Users\pedse\Desktop\DIPagrindai\lab3\images\rock\y0ZTIzS3rpKagERb.png,y0ZTIzS3rpKagERb.png,rock,1,train
C:\Users\pedse\Desktop\DIPagrindai\lab3\images\scissors\fnV8zv0atHjQzfhV.png,fnV8zv0atHjQzfhV.png,scissors,2,train
C:\Users\pedse\Desktop\DIPagrindai\lab3\images\paper\yUhvKMWrPQ9sJ78m.png,yUhvKMWrPQ9sJ78m.png,paper,0,train
C:\Users\pedse\Desktop\DIPagrindai\lab3\images\paper\BH9zAUdmmjlfXwtS.png,BH9zAUdmmjlfXwtS.png,paper,0,train
C:\Users\pedse\Desktop\DIPagrindai\lab3\images\rock\gaackCmGss3Lt4tj.png,gaackCmGss3Lt4tj.png,rock,1,train
C:\Users\pedse\Desktop\DIPagrindai\lab3\images\scissors\qHXkVDE4py7UfvIQ.png,qHXkVDE4py7UfvIQ.png,scissors,2,train
C:\Users\pedse\Desktop\DIPagrindai\lab3\images\paper\W79peyAyfQqNP1vF.png,W79peyAyfQqNP1vF.png,paper,0,train
C:\Users\pedse\Desktop\DIPagrindai\lab3\images\paper\mUqkjFi6NBsHR7tf.png,mUqkjFi6NBsHR7tf.png,paper,0,train
C:\Users\pedse\Desktop\DIPagrindai\lab3\images\paper\qtfGt3JjA0Orrg9v.png,qtfGt3JjA0Orrg9v.png,paper,0,train
C:\Users\pedse\Desktop\DIPagrindai\lab3\images\paper\wdUfwC8IoQbVtqzR.png,wdUfwC8IoQbVtqzR.png,paper,0,train
C:\Users\pedse\Desktop\DIPagrindai\lab3\images\paper\k5n1w4gdm1G27rDk.png,k5n1w4gdm1G27rDk.png,paper,0,train
C:\Users\pedse\Desktop\DIPagrindai\lab3\images\rock\QPdZme1zmTH0NIlM.png,QPdZme1zmTH0NIlM.png,rock,1,train
C:\Users\pedse\Desktop\DIPagrindai\lab3\images\paper\N5JmBjeptZ3hK3EK.png,N5JmBjeptZ3hK3EK.png,paper,0,train
C:\Users\pedse\Desktop\DIPagrindai\lab3\images\rock\NQxWkhRHMkt2GrpB.png,NQxWkhRHMkt2GrpB.png,rock,1,train
C:\Users\pedse\Desktop\DIPagrindai\lab3\images\rock\2MKZD0VUw7Tez2Jx.png,2MKZD0VUw7Tez2Jx.png,rock,1,train
C:\Users\pedse\Desktop\DIPagrindai\lab3\images\scissors\bLJSE1dl7VbQCUF9.png,bLJSE1dl7VbQCUF9.png,scissors,2,train
C:\Users\pedse\Desktop\DIPagrindai\lab3\images\paper\Mv6oOH192gse3oZA.png,Mv6oOH192gse3oZA.png,paper,0,train
C:\Users\pedse\Desktop\DIPagrindai\lab3\images\rock\eJ5fbY23rZWUULxO.png,eJ5fbY23rZWUULxO.png,rock,1,train
C:\Users\pedse\Desktop\DIPagrindai\lab3\images\paper\cUFSYeNYdnhRB6MD.png,cUFSYeNYdnhRB6MD.png,paper,0,train
C:\Users\pedse\Desktop\DIPagrindai\lab3\images\paper\xnLyw2TBZF8e2vcr.png,xnLyw2TBZF8e2vcr.png,paper,0,train
C:\Users\pedse\Desktop\DIPagrindai\lab3\images\scissors\LZ7UTYEoDao1EcYX.png,LZ7UTYEoDao1EcYX.png,scissors,2,train
C:\Users\pedse\Desktop\DIPagrindai\lab3\images\scissors\UmpmKO5O9ku8kBwj.png,UmpmKO5O9ku8kBwj.png,scissors,2,train
C:\Users\pedse\Desktop\DIPagrindai\lab3\images\scissors\msOEQAWveiL7r5rp.png,msOEQAWveiL7r5rp.png,scissors,2,train
C:\Users\pedse\Desktop\DIPagrindai\lab3\images\paper\nb6CUTNhXBAmjFp9.png,nb6CUTNhXBAmjFp9.png,paper,0,train
C:\Users\pedse\Desktop\DIPagrindai\lab3\images\rock\81eTWj04M9fRjy51.png,81eTWj04M9fRjy51.png,rock,1,train
C:\Users\pedse\Desktop\DIPagrindai\lab3\images\paper\SrSUeH255dybz2zi.png,SrSUeH255dybz2zi.png,paper,0,train
C:\Users\pedse\Desktop\DIPagrindai\lab3\images\rock\GUpnzDfAkw6bmia1.png,GUpnzDfAkw6bmia1.png,rock,1,train
C:\Users\pedse\Desktop\DIPagrindai\lab3\images\scissors\RrbEWg7xTBv2qa9q.png,RrbEWg7xTBv2qa9q.png,scissors,2,train
C:\Users\pedse\Desktop\DIPagrindai\lab3\images\scissors\0CSaM2vL2cWX6Cay.png,0CSaM2vL2cWX6Cay.png,scissors,2,train
C:\Users\pedse\Desktop\DIPagrindai\lab3\images\paper\nPEUpKKphLYH3Bjy.png,nPEUpKKphLYH3Bjy.png,paper,0,train
C:\Users\pedse\Desktop\DIPagrindai\lab3\images\paper\UOW45qbyvti8nBHV.png,UOW45qbyvti8nBHV.png,paper,0,train
C:\Users\pedse\Desktop\DIPagrindai\lab3\images\rock\MwjRfqp6Gnh4vHI8.png,MwjRfqp6Gnh4vHI8.png,rock,1,train
C:\Users\pedse\Desktop\DIPagrindai\lab3\images\rock\cfyxwMjZmO6RYzLq.png,cfyxwMjZmO6RYzLq.png,rock,1,train
C:\Users\pedse\Desktop\DIPagrindai\lab3\images\rock\1wk2Hl1Ih9guOwx6.png,1wk2Hl1Ih9guOwx6.png,rock,1,train
C:\Users\pedse\Desktop\DIPagrindai\lab3\images\scissors\W6jpdF8qZXwnsopw.png,W6jpdF8qZXwnsopw.png,scissors,2,train
C:\Users\pedse\Desktop\DIPagrindai\lab3\images\scissors\FSQhfK1gcYqm4O4W.png,FSQhfK1gcYqm4O4W.png,scissors,2,train
C:\Users\pedse\Desktop\DIPagrindai\lab3\images\paper\4hcthlc3eCByBJFh.png,4hcthlc3eCByBJFh.png,paper,0,train
C:\Users\pedse\Desktop\DIPagrindai\lab3\images\rock\lpmH56YGWEHsmhBi.png,lpmH56YGWEHsmhBi.png,rock,1,train
C:\Users\pedse\Desktop\DIPagrindai\lab3\images\rock\bdO9pxWWsTRxmT2z.png,bdO9pxWWsTRxmT2z.png,rock,1,train
C:\Users\pedse\Desktop\DIPagrindai\lab3\images\paper\LrVULgPLsLsfdZ2z.png,LrVULgPLsLsfdZ2z.png,paper,0,train
C:\Users\pedse\Desktop\DIPagrindai\lab3\images\scissors\QUqw1jotp4mOm1ZY.png,QUqw1jotp4mOm1ZY.png,scissors,2,train
C:\Users\pedse\Desktop\DIPagrindai\lab3\images\paper\7Vor5Uo4DweXkpE7.png,7Vor5Uo4DweXkpE7.png,paper,0,train
C:\Users\pedse\Desktop\DIPagrindai\lab3\images\paper\9bQFlg61mt0akPoM.png,9bQFlg61mt0akPoM.png,paper,0,train
C:\Users\pedse\Desktop\DIPagrindai\lab3\images\rock\7NqXwATGidLt6kZY.png,7NqXwATGidLt6kZY.png,rock,1,train
C:\Users\pedse\Desktop\DIPagrindai\lab3\images\rock\96Sw16ZnG0zF8Qo0.png,96Sw16ZnG0zF8Qo0.png,rock,1,train
C:\Users\pedse\Desktop\DIPagrindai\lab3\images\rock\nKBG8QSEBTwgkoVp.png,nKBG8QSEBTwgkoVp.png,rock,1,train
C:\Users\pedse\Desktop\DIPagrindai\lab3\images\paper\7I1fABs6SL1T4MNb.png,7I1fABs6SL1T4MNb.png,paper,0,train
C:\Users\pedse\Desktop\DIPagrindai\lab3\images\paper\dUDR2ViadkqS6EHf.png,dUDR2ViadkqS6EHf.png,paper,0,train
C:\Users\pedse\Desktop\DIPagrindai\lab3\images\scissors\M8g1dW2y0mQxe3OR.png,M8g1dW2y0mQxe3OR.png,scissors,2,train
C:\Users\pedse\Desktop\DIPagrindai\lab3\images\paper\K6IACWoiTOnGR9Np.png,K6IACWoiTOnGR9Np.png,paper,0,train
C:\Users\pedse\Desktop\DIPagrindai\lab3\images\paper\mV9vc1ITH1PrrbF8.png,mV9vc1ITH1PrrbF8.png,paper,0,train
C:\Users\pedse\Desktop\DIPagrindai\lab3\images\paper\yYiQN5jZvkGqr6C5.png,yYiQN5jZvkGqr6C5.png,paper,0,train
C:\Users\pedse\Desktop\DIPagrindai\lab3\images\paper\lGIPlKIVgwrDC17U.png,lGIPlKIVgwrDC17U.png,paper,0,train
C:\Users\pedse\Desktop\DIPagrindai\lab3\images\scissors\ro7qIekrW8rAUNH1.png,ro7qIekrW8rAUNH1.png,scissors,2,train
C:\Users\pedse\Desktop\DIPagrindai\lab3\images\scissors\Pms0QO8IsSP02WTP.png,Pms0QO8IsSP02WTP.png,scissors,2,train
C:\Users\pedse\Desktop\DIPagrindai\lab3\images\scissors\PJxEXjRb0K0Mpgsz.png,PJxEXjRb0K0Mpgsz.png,scissors,2,train
C:\Users\pedse\Desktop\DIPagrindai\lab3\images\rock\foxUXc8WPRDAd6LM.png,foxUXc8WPRDAd6LM.png,rock,1,train
C:\Users\pedse\Desktop\DIPagrindai\lab3\images\paper\HQSUE6P23pvLctuy.png,HQSUE6P23pvLctuy.png,paper,0,train
C:\Users\pedse\Desktop\DIPagrindai\lab3\images\rock\lOCJEdb3BZAfi6Fg.png,lOCJEdb3BZAfi6Fg.png,rock,1,train
C:\Users\pedse\Desktop\DIPagrindai\lab3\images\scissors\AIdBo3sdoduT52KJ.png,AIdBo3sdoduT52KJ.png,scissors,2,train
C:\Users\pedse\Desktop\DIPagrindai\lab3\images\paper\K8WJMHr1iCttaMbB.png,K8WJMHr1iCttaMbB.png,paper,0,train
C:\Users\pedse\Desktop\DIPagrindai\lab3\images\scissors\NeYB1usFd9o84q13.png,NeYB1usFd9o84q13.png,scissors,2,train
C:\Users\pedse\Desktop\DIPagrindai\lab3\images\paper\OMq2VJyb0KwtdwDc.png,OMq2VJyb0KwtdwDc.png,paper,0,train
C:\Users\pedse\Desktop\DIPagrindai\lab3\images\rock\DqakRofDCq0ryI49.png,DqakRofDCq0ryI49.png,rock,1,train
C:\Users\pedse\Desktop\DIPagrindai\lab3\images\rock\xn0aW7kbdkNaR2cj.png,xn0aW7kbdkNaR2cj.png,rock,1,train
C:\Users\pedse\Desktop\DIPagrindai\lab3\images\paper\jqQlxUsZOssnmdWL.png,jqQlxUsZOssnmdWL.png,paper,0,train
C:\Users\pedse\Desktop\DIPagrindai\lab3\images\paper\Ec6WrF6Soj4REPk7.png,Ec6WrF6Soj4REPk7.png,paper,0,train
C:\Users\pedse\Desktop\DIPagrindai\lab3\images\paper\atICt4otp6p6h31G.png,atICt4otp6p6h31G.png,paper,0,train
C:\Users\pedse\Desktop\DIPagrindai\lab3\images\scissors\A0t6YRrNR7SEI6DZ.png,A0t6YRrNR7SEI6DZ.png,scissors,2,train
C:\Users\pedse\Desktop\DIPagrindai\lab3\images\rock\RJSM8dpspJB6ckmX.png,RJSM8dpspJB6ckmX.png,rock,1,train
C:\Users\pedse\Desktop\DIPagrindai\lab3\images\scissors\EKecGY0Gk9GJjT5n.png,EKecGY0Gk9GJjT5n.png,scissors,2,train
C:\Users\pedse\Desktop\DIPagrindai\lab3\images\paper\RJrQJX31bej6flMr.png,RJrQJX31bej6flMr.png,paper,0,train
C:\Users\pedse\Desktop\DIPagrindai\lab3\images\rock\l6tos9roQ0hnCmfj.png,l6tos9roQ0hnCmfj.png,rock,1,train
C:\Users\pedse\Desktop\DIPagrindai\lab3\images\scissors\Us8s37BoILcW4tgE.png,Us8s37BoILcW4tgE.png,scissors,2,train
C:\Users\pedse\Desktop\DIPagrindai\lab3\images\rock\zp7Okc8j1CJgB8ji.png,zp7Okc8j1CJgB8ji.png,rock,1,train
C:\Users\pedse\Desktop\DIPagrindai\lab3\images\rock\o3gQiGh46MjCJtVK.png,o3gQiGh46MjCJtVK.png,rock,1,train
C:\Users\pedse\Desktop\DIPagrindai\lab3\images\rock\i1GxDtZ5awTW7Rsf.png,i1GxDtZ5awTW7Rsf.png,rock,1,train
C:\Users\pedse\Desktop\DIPagrindai\lab3\images\scissors\138Tx9KlEfheT3uB.png,138Tx9KlEfheT3uB.png,scissors,2,train
