{
  "seed": 42,
  "sampling_bounds": [
    -10.0,
    10.0
  ],
  "margin": 1.25,
  "separator": {
    "w1": 0.2811804890267085,
    "w2": -0.9596549028638895,
    "b": 1.792989599556912
  }
}